,m_gene,u_uniprot_acc,u_ec_number,kegg_ec
0,b0929,P02931,,
1,b1377,P77747,,
2,b2215,P06996,,
3,b0241,P02932,,
4,b4034,P0AEX9,,
5,b4035,P68187,['3.6.3.19'],['3.6.3.-']
6,b4032,P68183,,
7,b4033,P02916,,
8,b4036,P02943,,
9,b4213,P08331,"['3.1.4.16', '3.1.3.6']","['3.1.4.16', '3.1.3.6']"
10,b2835,P39196,,
11,b2836,P31119,"['6.2.1.20', '2.3.1.40']","['2.3.1.40', '6.2.1.20']"
12,b3553,P37666,"['1.1.1.215', '1.1.1.81', '1.1.1.79']",['1.1.1.215']
13,b0446,P46891,['3.6.1.-'],['3.6.1.-']
14,b1134,P0AEI6,['3.6.1.-'],['3.6.1.-']
15,b1009,P75895,['3.5.1.-'],['3.5.1.-']
16,b0954,P0A6Q3,"['5.3.3.14', '4.2.1.59']","['4.2.1.59', '5.3.3.14']"
17,b0180,P0A6Q6,['4.2.1.59'],['4.2.1.59']
18,b0347,P77397,['1.14.13.127'],['1.14.13.127']
19,b3580,P37677,"['2.7.1.53', '2.7.1.-']",['2.7.1.53']
20,b1093,P0AEK2,['1.1.1.100'],['1.1.1.100']
21,b2323,P0A953,['2.3.1.41'],['2.3.1.41']
22,b1095,P0AAI5,['2.3.1.179'],['2.3.1.179']
23,b1397,P0C7L2,"['2.3.1.223', '2.3.1.174']","['2.3.1.223', '2.3.1.174']"
24,b1244,P0AFH2,,
25,b1246,P76027,,
26,b1247,P77737,,
27,b1245,P0AFH6,,
28,b1329,P77348,,
29,b1386,P46883,['1.4.3.21'],['1.4.3.21']
30,b0004,P00934,['4.2.3.1'],['4.2.3.1']
31,b1192,P76008,['3.4.17.13'],['3.4.17.13']
32,b1243,P23843,,
33,b4266,P0A9P9,['1.1.1.69'],['1.1.1.69']
34,b4265,P39344,,
35,b0159,P0AF12,['3.2.2.9'],['3.2.2.9']
36,b3197,P45395,['5.3.1.13'],['5.3.1.13']
37,b2708,P17115,['5.3.1.13'],
38,b1094,P0A6A8,,
39,b4481,P56258,['2.4.1.325'],['2.4.1.325']
40,b1927,P26612,['3.2.1.1'],['3.2.1.1']
41,b3571,P25718,['3.2.1.1'],['3.2.1.1']
42,b2901,Q46829,['3.2.1.86'],['3.2.1.86']
43,b1302,P50457,['2.6.1.19'],['2.6.1.19']
44,b2662,P22256,"['2.6.1.22', '2.6.1.19']","['2.6.1.19', '2.6.1.22']"
45,b1444,P77674,['1.2.1.19'],['1.2.1.19']
46,b2663,P25527,,
47,b2221,P76458,['2.8.3.8'],"['2.8.3.8', '2.8.3.9']"
48,b2222,P76459,['2.8.3.8'],"['2.8.3.8', '2.8.3.9']"
49,b2224,P76461,['2.3.1.9'],['2.3.1.9']
50,b3845,P21151,['2.3.1.16'],['2.3.1.16']
51,b2342,P76503,['2.3.1.16'],['2.3.1.16']
52,b2223,P76460,,
53,b0351,P77580,['1.2.1.10'],['1.2.1.10']
54,b1241,P0A9Q7,"['1.2.1.10', '1.1.1.1']","['1.2.1.10', '1.1.1.1']"
55,b1463,P77567,['2.3.1.118'],['2.3.1.118']
56,b1993,P0AE76,"['2.7.7.62', '2.7.1.156']","['2.7.1.156', '2.7.7.62']"
57,b3255,P0ABD8,,
58,b3256,P24182,"['6.4.1.2', '6.3.4.14']","['6.4.1.2', '6.3.4.14']"
59,b2316,P0A9Q5,['6.4.1.2'],['6.4.1.2']
60,b0185,P0ABD5,['6.4.1.2'],['6.4.1.2']
61,b4069,P27550,['6.2.1.1'],['6.2.1.1']
62,b1119,P75959,['2.7.1.59'],['2.7.1.59']
63,b3784,P0AC78,['2.7.8.33'],['2.7.8.33']
64,b1101,P69786,['2.7.1.69'],['2.7.1.69']
65,b2417,P69783,['2.7.1.-'],['2.7.1.69']
66,b2415,P0AA04,['2.7.11.-'],
67,b0679,P09323,"['2.7.1.-', '2.7.1.69']",['2.7.1.69']
68,b2416,P08839,['2.7.3.9'],['2.7.3.9']
69,b3959,P0A6C8,['2.7.2.8'],['2.7.2.8']
70,b2818,P0A6C5,['2.3.1.1'],['2.3.1.1']
71,b3671,P08142,['2.2.1.6'],['2.2.1.6']
72,b3670,P0ADF8,['2.2.1.6'],['2.2.1.6']
73,b0078,P00894,['2.2.1.6'],['2.2.1.6']
74,b0077,P00893,['2.2.1.6'],['2.2.1.6']
75,b3115,P11868,['2.7.2.15'],['2.7.2.15']
76,b2296,P0A6A3,['2.7.2.1'],['2.7.2.1']
77,b1849,P33221,['2.1.2.-'],['2.1.2.2']
78,b2428,P76535,['4.2.1.126'],['4.2.1.126']
79,b3794,P27836,['2.4.1.180'],['2.4.1.180']
80,b1817,P69797,"['2.7.1.69', '2.7.1.-']",['2.7.1.69']
81,b1818,P69801,,
82,b1819,P69805,,
83,b2429,P77272,['2.7.1.69'],['2.7.1.69']
84,b3224,P41036,,
85,b4311,P69856,,
86,b3225,P0A6L4,['4.1.3.3'],['4.1.3.3']
87,b0221,Q47146,['1.3.99.-'],['1.3.99.-']
88,b1091,P0A6R0,['2.3.1.180'],['2.3.1.180']
89,b3957,P23908,['3.5.1.16'],['3.5.1.16']
90,b3201,P0A9V1,['3.6.3.-'],['3.6.3.-']
91,b3200,P0ADV1,,
92,b4261,P0AF98,,
93,b3199,P0ADV9,,
94,b4262,P0ADC6,,
95,b1519,P76145,['2.1.1.144'],['2.1.1.144']
96,b1276,P25516,['4.2.1.3'],['4.2.1.3']
97,b0118,P36683,"['4.2.1.99', '4.2.1.3']","['4.2.1.3', '4.2.1.99']"
98,b1748,P77581,['2.6.1.81'],['2.6.1.81']
99,b3359,P18335,"['2.6.1.17', '2.6.1.11']","['2.6.1.11', '2.6.1.17']"
100,b1090,P27247,['2.3.1.n2'],['2.3.1.15']
101,b2563,P24224,['2.7.8.7'],['2.7.8.7']
102,b3475,P37623,['2.7.8.-'],['2.7.8.-']
103,b1533,P31125,,
104,b2578,P38101,,
105,b4067,P32705,,
106,b1623,P22333,['3.5.4.4'],['3.5.4.4']
107,b1096,P28305,['4.1.3.38'],['4.1.3.38']
108,b1812,P05041,['2.6.1.85'],['2.6.1.85']
109,b3360,P00903,['2.6.1.85'],['2.6.1.85']
110,b3665,P31441,['3.5.4.2'],['3.5.4.2']
111,b3654,P0AGM9,,
112,b3714,P31466,,
113,b0474,P69441,['2.7.4.3'],['2.7.4.3']
114,b0120,P0A7F6,['4.1.1.50'],['4.1.1.50']
115,b3806,P00936,['4.6.1.1'],['4.6.1.1']
116,b0030,P22564,['3.2.-.-'],['3.2.-.-']
117,b2393,P0AFF2,,
118,b2964,P0AFF4,,
119,b2406,P45562,,
120,b0411,P0A927,,
121,b1992,P36561,['2.7.8.26'],['2.7.8.26']
122,b1709,P06611,['3.6.3.33'],['3.6.3.33']
123,b1711,P06609,,
124,b0158,P37028,,
125,b3006,P0ABU7,,
126,b3005,P0ABV2,,
127,b1252,P02929,,
128,b3966,P06129,,
129,b3397,P45799,['3.6.1.-'],['3.6.1.-']
130,b3034,Q93K97,['3.6.1.13'],['3.6.1.13']
131,b0469,P69503,['2.4.2.7'],['2.4.2.7']
132,b2750,P0A6J1,['2.7.1.25'],['2.7.1.25']
133,b1131,P0AB89,['4.3.2.2'],['4.3.2.2']
134,b4177,P0A7D4,['6.3.4.4'],['6.3.4.4']
135,b0677,P0AF18,['3.5.1.25'],['3.5.1.25']
136,b0110,P13016,['3.5.1.28'],
137,b2817,P63883,['3.5.1.28'],['3.5.1.28']
138,b4169,P26365,['3.5.1.28'],['3.5.1.28']
139,b2435,P36548,['3.5.1.28'],['3.5.1.28']
140,b1107,P75949,['3.2.1.52'],['3.2.1.52']
141,b0433,P0AE16,,
142,b3619,P67910,['5.1.3.20'],['5.1.3.20']
143,b2937,P60651,['3.5.3.11'],['3.5.3.11']
144,b3018,P26647,"['2.3.1.n4', '2.3.1.51']",['2.3.1.51']
145,b3958,P11446,['1.2.1.38'],['1.2.1.38']
146,b0573,P77214,,
147,b0575,P38054,,
148,b0572,P77211,,
149,b0574,P77239,,
150,b4006,P15639,"['3.5.4.10', '2.1.2.3']","['2.1.2.3', '3.5.4.10']"
151,b0522,P09029,['6.3.4.18'],['6.3.4.18']
152,b0523,P0AG18,['5.4.99.18'],['5.4.99.18']
153,b0726,P0AFG3,['1.2.4.2'],['1.2.4.2']
154,b0116,P0A9P0,['1.8.1.4'],['1.8.1.4']
155,b0727,P0AFG6,['2.3.1.61'],['2.3.1.61']
156,b2587,P0AEX3,,
157,b1488,P77790,['3.4.13.22'],['3.4.13.22']
158,b1485,P77463,,
159,b1486,P77308,,
160,b1487,P76128,,
161,b3543,P0AEF8,,
162,b3542,P0AEG1,,
163,b3541,P0AAG0,,
164,b3540,P37313,,
165,b3544,P23847,,
166,b1484,P77268,,
167,b1483,P77622,,
168,b0381,P0A6J8,['6.3.2.4'],['6.3.2.4']
169,b0092,P07862,['6.3.2.4'],['6.3.2.4']
170,b1325,P51981,['5.1.1.-'],
171,b4053,P0A6B4,['5.1.1.1'],['5.1.1.1']
172,b1190,P29012,['5.1.1.1'],['5.1.1.1']
173,b0870,P75823,['4.1.2.48'],['4.1.2.5']
174,b2551,P0A825,['2.1.2.1'],['2.1.2.1']
175,b2379,P77434,['2.6.1.2'],['2.6.1.-']
176,b2290,P0A959,['2.6.1.2'],"['2.6.1.66', '2.6.1.2']"
177,b2697,P00957,['6.1.1.7'],['6.1.1.7']
178,b3455,P0A9S7,,
179,b3460,P0AD96,,
180,b3454,P22731,,
181,b3457,P0AEX7,,
182,b3456,P22729,,
183,b4208,P0AAE0,,
184,b0007,P30143,,
185,b0356,P25437,"['1.1.1.-', '1.1.1.1', '1.1.1.284']","['1.1.1.284', '1.1.1.1']"
186,b1478,P39451,['1.1.1.1'],['1.1.1.1']
187,b1385,P80668,['1.2.1.39'],['1.2.1.39']
188,b1300,P23883,['1.2.1.5'],['1.2.1.-']
189,b3588,P37685,['1.2.1.-'],['1.2.1.-']
190,b4084,P32718,['2.7.1.55'],['2.7.1.55']
191,b4090,P37351,['5.3.1.6'],['5.3.1.6']
192,b0516,P77425,['3.5.3.-'],['3.5.3.9']
193,b0512,P77671,['3.5.2.5'],['3.5.2.5']
194,b0511,P75712,,
195,b4085,P32719,['5.1.3.-'],['5.1.3.-']
196,b4086,P32720,,
197,b4088,P39265,,
198,b4087,P32721,['3.6.3.17'],['3.6.3.17']
199,b0657,P23930,['2.3.1.-'],['2.3.1.-']
200,b1677,P69776,,
201,b0207,P30863,['1.1.1.346'],['1.1.1.346']
202,b3001,Q46851,['1.1.1.-'],
203,b3012,Q46857,['1.1.1.274'],['1.1.1.346']
204,b1781,P76234,,
205,b3945,P0A9S5,['1.1.1.6'],['1.1.1.6']
206,b3091,P42604,['4.2.1.7'],['4.2.1.7']
207,b3416,P15977,['2.4.1.25'],['2.4.1.25']
208,b3223,P0A761,['5.1.3.9'],['5.1.3.9']
209,b3222,P45425,['2.7.1.60'],['2.7.1.60']
210,b0774,P12995,['2.6.1.62'],['2.6.1.62']
211,b3833,P0A887,"['2.1.1.201', '2.1.1.163']","['2.1.1.163', '2.1.1.201']"
212,b3994,P30136,['4.1.99.17'],['4.1.99.17']
213,b1982,P0AE12,['3.2.2.4'],['3.2.2.4']
214,b4260,P68767,"['3.4.11.10', '3.4.11.1']",['3.4.11.1']
215,b0237,P15288,['3.4.13.18'],['3.4.13.-']
216,b0932,P04825,['3.4.11.2'],['3.4.11.2']
217,b2523,P37095,['3.4.11.23'],['3.4.11.23']
218,b1640,P77570,['2.7.1.170'],['2.7.1.170']
219,b1263,P00904,"['2.4.2.18', '4.1.3.27']","['4.1.3.27', '2.4.2.18']"
220,b1264,P00895,['4.1.3.27'],['4.1.3.27']
221,b0776,P12998,['2.3.1.47'],['2.3.1.47']
222,b0049,P05637,['3.6.1.41'],['3.6.1.41']
223,b4129,P0A8N5,['6.1.1.6'],['6.1.1.6']
224,b0121,P09158,"['2.5.1.22', '2.5.1.16', '2.5.1.79', '2.5.1.-']",['2.5.1.16']
225,b3059,P60782,"['2.3.1.n5', '2.3.1.15']",['2.3.1.15']
226,b0968,P0AB65,['3.6.1.7'],['3.6.1.7']
227,b0414,P25539,"['1.1.1.193', '3.5.4.26']","['3.5.4.26', '1.1.1.193']"
228,b0062,P08202,['5.3.1.4'],['5.3.1.4']
229,b0151,P07821,['3.6.3.34'],['3.6.3.34']
230,b0152,P07822,,
231,b0153,P06972,,
232,b2715,P24241,['2.7.1.69'],['2.7.1.69']
233,b3722,P08722,"['2.7.1.-', '2.7.1.69']",['2.7.1.69']
234,b1900,P0AAF3,['3.6.3.17'],['3.6.3.17']
235,b1901,P02924,,
236,b4460,P0AE26,,
237,b2841,P0AE24,,
238,b1528,P31122,,
239,b4115,P60061,,
240,b4117,P28629,['4.1.1.19'],['4.1.1.19']
241,b2938,P21170,['4.1.1.19'],['4.1.1.19']
242,b1605,P0AAE5,,
243,b3960,P11447,['4.3.2.1'],['4.3.2.1']
244,b3172,P0A6E4,['6.3.4.5'],['6.3.4.5']
245,b1876,P11875,['6.1.1.19'],['6.1.1.19']
246,b0860,P30860,,
247,b0863,P30859,,
248,b0862,P0AE34,,
249,b2306,P07109,,['3.6.3.21']
250,b2307,P0AEU3,,
251,b2308,P52094,,
252,b0864,P0AAF6,['3.6.3.-'],['3.6.3.-']
253,b0861,P0AE30,,
254,b2310,P09551,,
255,b2923,P11667,,
256,b3433,P0A9Q9,['1.2.1.11'],['1.2.1.11']
257,b4192,P39300,['3.1.1.-'],['3.1.1.-']
258,b4194,P69822,['2.7.1.69'],['2.7.1.69']
259,b4193,P39301,,
260,b4195,P69820,['2.7.1.-'],['2.7.1.69']
261,b0828,P37595,['3.4.19.5'],['3.4.19.5']
262,b1767,P0A962,['3.5.1.1'],['3.5.1.1']
263,b2957,P00805,['3.5.1.1'],['3.5.1.1']
264,b0674,P22106,['6.3.5.4'],['6.3.5.4']
265,b3744,P00963,['6.3.1.1'],['6.3.1.1']
266,b0930,P0A8M0,['6.1.1.22'],['6.1.1.22']
267,b1453,P77610,,
268,b3502,P0AB93,,
269,b0131,P0A790,['4.1.1.11'],['4.1.1.11']
270,b4244,P0A7F3,,
271,b4245,P0A786,['2.1.3.2'],['2.1.3.2']
272,b0002,P00561,"['1.1.1.3', '2.7.2.4']","['2.7.2.4', '1.1.1.3']"
273,b4024,P08660,['2.7.2.4'],['2.7.2.4']
274,b3940,P00562,"['1.1.1.3', '2.7.2.4']","['2.7.2.4', '1.1.1.3']"
275,b2574,P10902,['1.4.3.16'],['1.4.3.16']
276,b4139,P0AC38,['4.3.1.1'],['4.3.1.1']
277,b0928,P00509,['2.6.1.1'],['2.6.1.1']
278,b1866,P21889,['6.1.1.12'],['6.1.1.12']
279,b0653,P0AER5,,
280,b0652,P0AAG3,,['3.6.3.-']
281,b0655,P37902,,
282,b0654,P0AER3,,
283,b3528,P0A830,,
284,b4138,P0ABN5,,
285,b4123,P0ABN9,,
286,b4077,P21345,,
287,b1064,P0AC59,,
288,b3503,P0AB96,['1.20.4.1'],['1.20.4.1']
289,b1747,P0AE37,['2.3.1.109'],['2.3.1.109']
290,b1539,P39831,"['1.1.1.298', '1.1.1.-']","['1.1.1.381', '1.1.1.-']"
291,b2019,P60757,['2.4.2.17'],['2.4.2.17']
292,b3734,P0ABB0,['3.6.3.14'],['3.6.3.14']
293,b3737,P68699,,
294,b3731,P0A6E6,,
295,b3732,P0ABB4,['3.6.3.14'],['3.6.3.14']
296,b3733,P0ABA6,,
297,b3738,P0AB98,,
298,b3739,P0ABC0,,
299,b3736,P0ABA0,,
300,b3735,P0ABA4,,
301,b0312,P17445,['1.2.1.8'],['1.2.1.8']
302,b0827,P12281,['2.10.1.1'],['2.10.1.1']
303,b3857,P32173,['2.7.7.77'],['2.7.7.77']
304,b3856,P32125,,
305,b4214,P22255,['3.1.3.7'],['3.1.3.7']
306,b3551,P20099,"['1.8.4.13', '1.-.-.-']",['1.-.-.-']
307,b0775,P12996,['2.8.1.6'],['2.8.1.6']
308,b0366,Q47538,['3.6.3.36'],['3.6.3.36']
309,b0933,P0AAI1,['3.6.3.-'],['3.6.3.-']
310,b0365,Q47537,,
311,b0936,P75853,,
312,b0934,P75851,,
313,b0367,Q47539,,
314,b1216,P31801,,
315,b4132,P0AAE8,,
316,b1732,P21179,['1.11.1.6'],['1.11.1.6']
317,b3942,P13029,['1.11.1.21'],['1.11.1.21']
318,b3196,P45394,,
319,b1270,P0A9H5,['2.5.1.17'],['2.5.1.17']
320,b2874,Q46807,,['2.7.2.2']
321,b0521,P37306,['2.7.2.2'],['2.7.2.2']
322,b0323,P77624,,['2.7.2.2']
323,b0032,P0A6F1,['6.3.5.5'],['6.3.5.5']
324,b0033,P00968,['6.3.5.5'],['6.3.5.5']
325,b0444,P77756,['6.3.4.20'],['6.3.4.20']
326,b3469,P37617,"['3.6.3.5', '3.6.3.3']","['3.6.3.3', '3.6.3.5']"
327,b3915,P69380,,
328,b0752,P75757,,
329,b3040,P0A8H3,,
330,b3918,P06282,['3.6.1.26'],['3.6.1.26']
331,b2794,Q46920,['1.7.1.13'],['1.7.1.13']
332,b1208,P62615,['2.7.1.148'],['2.7.1.148']
333,b1661,P0A9H7,['2.1.1.79'],['2.1.1.79']
334,b2131,P33362,,
335,b2128,P33359,,
336,b2130,P33361,,
337,b2129,P33360,['3.6.3.-'],
338,b1801,P0ABD1,,
339,b0314,P0ABC9,,
340,b0311,P17444,"['1.2.1.8', '1.1.99.1']",['1.1.99.1']
341,b2599,P0A9J8,"['4.2.1.51', '5.4.99.5']","['5.4.99.5', '4.2.1.51']"
342,b2600,P07023,"['1.3.1.12', '5.4.99.5']","['5.4.99.5', '1.3.1.12']"
343,b2329,P12008,['4.2.3.5'],['4.2.3.5']
344,b4039,P26602,['4.1.3.40'],['4.1.3.40']
345,b2542,P77650,['1.18.1.3'],['1.18.1.3']
346,b2540,P0ABW0,,
347,b2539,Q47140,['1.14.12.19'],['1.14.12.19']
348,b2538,P0ABR5,['1.14.12.19'],['1.14.12.19']
349,b0614,P0A6G5,['2.7.7.61'],['2.7.7.61']
350,b0617,P69330,,
351,b0616,P0A9I1,"['4.1.3.34', '4.1.3.6']",['4.1.3.34']
352,b0615,P75726,"['2.8.3.10', '4.1.3.6']",['2.8.3.10']
353,b0612,P0AE74,,
354,b1249,P0A6H8,['2.7.8.-'],['2.7.8.-']
355,b0789,P0AA84,['2.7.8.-'],['2.7.8.-']
356,b0155,P37019,,
357,b1592,P76175,,
358,b2470,P24177,,
359,b0462,P31224,,
360,b0463,P0AE06,,
361,b3035,P02930,,
362,b3816,P0ABI4,,
363,b2174,P76445,['2.7.4.-'],
364,b0914,P60752,['3.6.3.-'],['3.6.3.-']
365,b1102,P16869,,
366,b2765,P65870,['4.1.2.50'],"['4.2.3.12', '4.1.2.50']"
367,b0783,P0A738,,['4.1.99.18']
368,b0781,P30745,['4.1.99.18'],['4.1.99.18']
369,b2436,P36553,['1.3.3.3'],['1.3.3.3']
370,b3867,P32131,['1.3.99.22'],['1.3.99.22']
371,b0038,P31572,['2.8.3.21'],['2.8.3.21']
372,b0037,P31552,['6.2.1.-'],['6.2.1.-']
373,b0036,P31551,['4.2.1.149'],['4.2.1.149']
374,b2677,P14175,,['3.6.3.32']
375,b2679,P0AFM2,,
376,b2678,P14176,,
377,b4111,P0C0L7,,
378,b0040,P31553,,
379,b0720,P0ABH7,['2.3.3.16'],['2.3.3.1']
380,b0337,P25524,"['3.5.4.-', '3.5.4.1']",['3.5.4.1']
381,b0336,P0AA82,,
382,b3846,P21177,"['1.1.1.35', '5.3.3.8', '5.1.2.3', '4.2.1.17']","['1.1.1.35', '4.2.1.17', '5.1.2.3', '5.3.3.8']"
383,b2780,P0A7E5,['6.3.4.2'],['6.3.4.2']
384,b0123,P36649,,
385,b0484,Q59385,['3.6.3.54'],['3.6.3.54']
386,b3425,P0A6V5,['2.8.1.1'],['2.8.1.1']
387,b1308,P23857,['2.8.1.1'],
388,b0340,P00816,['4.2.1.104'],['4.2.1.104']
389,b0341,P17583,,
390,b1919,P76316,['4.4.1.15'],['4.4.1.15']
391,b3708,P0A853,['4.1.99.1'],['4.1.99.1']
392,b3008,P06721,['4.4.1.8'],['4.4.1.8']
393,b2414,P0ABK5,"['4.5.1.5', '2.5.1.47']",['2.5.1.47']
394,b2421,P16703,['2.5.1.47'],['2.5.1.47']
395,b2810,Q46925,"['4.4.1.16', '4.4.1.-', '2.8.1.7']",['4.4.1.-']
396,b1622,P23256,['4.4.1.8'],['4.4.1.8']
397,b0526,P21888,['6.1.1.16'],['6.1.1.16']
398,b0887,P29018,,
399,b0886,P23886,,
400,b0978,P26459,['1.10.3.10'],['1.10.3.-']
401,b0979,P26458,['1.10.3.10'],['1.10.3.-']
402,b0733,P0ABJ9,['1.10.3.14'],['1.10.3.-']
403,b0734,P0ABK2,['1.10.3.14'],['1.10.3.-']
404,b0432,P0ABJ1,,['1.10.3.-']
405,b0429,P0ABJ6,,
406,b0430,P0ABJ3,,['1.10.3.-']
407,b0431,P0ABI8,['1.10.3.10'],['1.10.3.-']
408,b2143,P0ABF6,['3.5.4.5'],['3.5.4.5']
409,b2162,P33022,['3.2.2.8'],['3.2.2.8']
410,b0651,P41409,['3.2.-.-'],['3.2.-.-']
411,b2066,P0A8F4,['2.7.1.48'],['2.7.1.48']
412,b0910,P0A6I0,['2.7.4.25'],['2.7.4.14']
413,b2975,Q46839,,
414,b3603,P33231,,
415,b1189,P0A6J5,['1.4.99.1'],['1.4.99.1']
416,b4042,P0ABN1,['2.7.1.107'],['2.7.1.107']
417,b2871,P66899,['4.3.1.15'],['4.3.1.15']
418,b2838,P00861,['4.1.1.20'],['4.1.1.20']
419,b3809,P0A6K1,['5.1.1.7'],['5.1.1.7']
420,b0175,P0ABG1,['2.7.7.41'],['2.7.7.41']
421,b3041,P0A7J0,['4.1.99.12'],['4.1.99.12']
422,b0778,P13000,['6.3.3.3'],['6.3.3.3']
423,b1734,P17411,['3.2.1.86'],['3.2.1.86']
424,b2065,P28248,['3.5.4.13'],['3.5.4.13']
425,b2344,P10384,,
426,b3693,P31459,['2.7.1.58'],['2.7.1.58']
427,b3909,P0A712,,
428,b3526,P37647,['2.7.1.45'],['2.7.1.45']
429,b2601,P00888,['2.5.1.54'],['2.5.1.54']
430,b1704,P00887,['2.5.1.54'],['2.5.1.54']
431,b0754,P0AB91,['2.5.1.54'],['2.5.1.54']
432,b4477,Q6BF16,['4.1.2.21'],['4.1.2.21']
433,b3648,P60546,['2.7.4.8'],['2.7.4.8']
434,b1393,P76082,['4.2.1.17'],['4.2.1.17']
435,b3771,P05791,['4.2.1.9'],['4.2.1.9']
436,b1198,P37349,['2.7.1.-'],
437,b1200,P76015,['2.7.-.-'],['2.7.1.-']
438,b1199,P76014,['2.7.-.-'],['2.7.1.-']
439,b0596,P15047,['1.3.1.28'],['1.3.1.28']
440,b0594,P10378,"['2.5.1.-', '2.7.7.58', '6.3.2.14']",['2.7.7.58']
441,b2541,P0CI31,['1.3.1.87'],['1.3.1.87']
442,b0348,P0ABR9,['1.13.11.16'],['1.13.11.16']
443,b0031,P04036,['1.17.1.8'],['1.17.1.8']
444,b2478,P0A6L2,['4.3.3.7'],['4.3.3.7']
445,b1606,P0AFS3,['1.5.1.3'],"['1.5.1.-', '1.5.1.3']"
446,b0048,P0ABQ4,['1.5.1.3'],['1.5.1.3']
447,b2315,P08192,"['6.3.2.12', '6.3.2.17']","['6.3.2.12', '6.3.2.17']"
448,b3930,P32166,['2.5.1.74'],"['2.5.1.74', '2.5.1.-']"
449,b2262,P0ABU0,['4.1.3.36'],['4.1.3.36']
450,b0736,P0A8Z3,['3.1.2.-'],['3.1.2.-']
451,b3058,P0AC16,['4.1.2.25'],['4.1.2.25']
452,b0945,P0A7E1,['1.3.5.2'],['1.3.5.2']
453,b1062,P05020,['3.5.2.3'],['3.5.2.3']
454,b3177,P0AC13,['2.5.1.15'],['2.5.1.15']
455,b0578,P38489,"['1.5.1.34', '1.-.-.-']","['1.-.-.-', '1.5.1.34']"
456,b2303,P0AC19,['5.-.-.-'],['5.-.-.-']
457,b3389,P07639,['4.2.3.4'],['4.2.3.4']
458,b1693,P05194,['4.2.1.10'],['4.2.1.10']
459,b0421,P22939,['2.5.1.10'],"['2.5.1.1', '2.5.1.10']"
460,b0029,P62623,['1.17.1.2'],['1.17.1.2']
461,b2232,P17993,"['2.1.1.64', '2.1.1.222']","['2.1.1.222', '2.1.1.64']"
462,b1587,P77374,['1.8.99.-'],['1.97.1.9']
463,b1590,P76173,,
464,b1588,P77783,['1.8.99.-'],['1.97.1.9']
465,b1589,P0AAJ1,,
466,b0896,P18777,,
467,b0894,P18775,['1.8.5.3'],['1.8.5.3']
468,b0895,P18776,,
469,b1873,P52005,,
470,b1872,P46923,['1.7.2.3'],['1.7.2.3']
471,b1865,P0AFC0,['3.6.1.67'],['3.6.1.-']
472,b0099,P08337,['3.6.1.55'],['3.6.1.55']
473,b3575,P37672,['1.1.1.130'],['1.1.1.130']
474,b0103,P0A6I9,['2.7.1.24'],['2.7.1.24']
475,b0425,P0A9J4,['1.1.1.169'],['1.1.1.169']
476,b3774,P05793,['1.1.1.86'],['1.1.1.86']
477,b4381,P0A6L0,['4.1.2.4'],['4.1.2.4']
478,b1185,P0A6M2,,
479,b3860,P0AEG4,,
480,b2893,P0AEG6,,['5.3.4.1']
481,b3781,P0AA25,,
482,b4136,P36655,['1.8.1.8'],['1.8.1.8']
483,b2582,P0AGG4,['1.8.1.8'],['1.8.1.8']
484,b0604,P77202,,
485,b4122,P14407,"['4.2.1.81', '4.2.1.2']",['4.2.1.2']
486,b1098,P0A720,['2.7.4.9'],['2.7.4.9']
487,b2146,P76440,['1.3.1.1'],['1.3.1.1']
488,b2147,P25889,['1.3.1.1'],['1.3.1.1']
489,b1238,P23331,['2.7.1.21'],['2.7.1.21']
490,b4382,P07650,['2.4.2.4'],['2.4.2.4']
491,b4384,P0ABP8,['2.4.2.1'],['2.4.2.1']
492,b3640,P06968,['3.6.1.23'],['3.6.1.23']
493,b2251,P52006,"['3.6.1.23', '3.6.1.-', '3.6.1.12', '3.6.1.19']",['3.6.1.-']
494,b0173,P45568,['1.1.1.267'],['1.1.1.267']
495,b0420,P77488,['2.2.1.7'],['2.2.1.7']
496,b3564,P09099,['2.7.1.17'],['2.7.1.17']
497,b2927,P0A9B6,['1.2.1.72'],['1.2.1.72']
498,b1779,P0A9B2,['1.2.1.12'],['1.2.1.12']
499,b1288,P0AEK4,['1.3.1.9'],"['1.3.1.9', '1.3.1.10']"
500,b3622,P27243,,['2.4.1.-']
501,b3793,P27835,,['2.4.1.-']
502,b3785,P0AG00,,
503,b3792,P0AAA7,,
504,b2341,P77399,"['1.1.1.35', '5.1.2.3', '4.2.1.17']","['1.1.1.35', '4.2.1.17', '5.1.2.3']"
505,b1850,P0A955,"['4.1.2.14', '4.1.3.16']","['4.1.2.14', '4.1.3.42']"
506,b1851,P0ADF6,['4.2.1.12'],['4.2.1.12']
507,b1054,P0ACV0,['2.3.1.241'],['2.3.1.-']
508,b1855,P24205,['2.3.1.243'],['2.3.1.-']
509,b2378,P0ACV2,['2.3.1.242'],['2.3.1.-']
510,b2779,P0A6P9,['4.2.1.11'],['4.2.1.11']
511,b0583,P19925,['2.7.8.-'],['2.7.8.-']
512,b0585,P13039,,
513,b2441,P0AEJ6,['4.3.1.7'],['4.3.1.7']
514,b2440,P19636,['4.3.1.7'],['4.3.1.7']
515,b0825,P78055,['4.1.2.-'],['4.1.2.-']
516,b3946,P32669,['4.1.2.-'],['4.1.2.-']
517,b0822,P75792,['3.1.3.23'],['3.1.3.23']
518,b3666,P0AGC0,,
519,b0404,P21515,['3.1.4.14'],['3.1.4.14']
520,b0452,P0AGG2,['3.1.2.-'],['3.1.2.-']
521,b1805,P69451,['6.2.1.3'],['6.2.1.3']
522,b1701,P38135,['6.2.1.-'],['6.2.1.-']
523,b3844,P0AEN1,"['1.5.1.41', '1.16.1.3']","['1.16.1.3', '1.5.1.41']"
524,b2763,P17846,['1.8.1.2'],['1.8.1.2']
525,b2764,P38038,['1.8.1.2'],['1.8.1.2']
526,b1773,P77704,,
527,b2925,P0AB71,['4.1.2.13'],['4.1.2.13']
528,b2097,P0A991,['4.1.2.13'],['4.1.2.13']
529,b3925,P0A9C9,['3.1.3.11'],['3.1.3.11']
530,b4232,P0A993,['3.1.3.11'],['3.1.3.11']
531,b2930,P21437,['3.1.3.11'],
532,b2802,P69922,"['5.3.1.3', '5.3.1.25']",['5.3.1.25']
533,b2803,P11553,['2.7.1.51'],['2.7.1.51']
534,b2800,P0AB87,['4.1.2.17'],['4.1.2.17']
535,b2738,Q46890,,
536,b0475,P23871,['4.99.1.1'],['4.99.1.1']
537,b1475,P0AAJ3,,
538,b1474,P24183,['1.1.5.6'],['1.1.5.6']
539,b3892,P0AEL0,,
540,b1476,P0AEK7,,
541,b3893,P0AAJ5,,
542,b3894,P32176,['1.2.1.2'],['1.2.1.2']
543,b0935,P80645,['1.14.14.5'],['1.14.14.5']
544,b3409,P33650,,
545,b2392,P0A769,,
546,b4289,P15030,,
547,b4290,P15028,,
548,b4287,P15031,,['3.6.3.34']
549,b4288,P15029,,
550,b4291,P13036,,
551,b0588,P23878,,['3.6.3.34']
552,b0592,P0AEL6,,
553,b0589,P23877,,
554,b0590,P23876,,
555,b2155,P17315,,
556,b0805,P75780,,
557,b0150,P06971,,
558,b0584,P05825,,
559,b0591,P24077,,
560,b4367,P39405,,
561,b4209,P69506,,
562,b2481,P23481,['1.-.-.-'],['1.-.-.-']
563,b2483,P77858,['1.-.-.-'],['1.-.-.-']
564,b2482,P23482,['1.-.-.-'],['1.-.-.-']
565,b2489,P77668,['1.-.-.-'],['1.-.-.-']
566,b2723,P16429,,
567,b2488,P77423,,
568,b2720,P16432,,
569,b2719,P16433,,
570,b2721,P16431,,
571,b2724,P0AAK1,,
572,b2490,P77453,['1.-.-.-'],['1.-.-.-']
573,b2486,P77437,['1.-.-.-'],['1.-.-.-']
574,b2485,P0AEW1,['1.-.-.-'],['1.-.-.-']
575,b2484,P77416,['1.-.-.-'],['1.-.-.-']
576,b2722,P16430,,
577,b2487,P77329,['1.-.-.-'],['1.-.-.-']
578,b4079,P07658,"['1.2.1.2', '1.1.99.33']",['1.2.1.2']
579,b3924,P28861,['1.18.1.2'],['1.18.1.2']
580,b2895,P0ABY4,,
581,b0684,P61949,,
582,b3288,P23882,['2.1.2.9'],['2.1.2.9']
583,b0025,P0AG40,"['2.7.7.2', '2.7.1.26']","['2.7.1.26', '2.7.7.2']"
584,b0937,P80644,['1.5.1.38'],['1.5.1.38']
585,b2912,P0AC28,['6.3.3.2'],['6.3.3.2']
586,b2374,P69902,['2.8.3.16'],['2.8.3.16']
587,b2492,P77733,,
588,b0904,P0AC23,,
589,b4154,P00363,['1.3.5.4'],['1.3.5.4']
590,b4151,P0A8Q3,,
591,b4152,P0A8Q0,,
592,b4153,P0AC47,['1.3.5.1'],['1.3.5.4']
593,b2168,P0AEW9,['2.7.1.56'],['2.7.1.56']
594,b3371,P0AC00,['3.5.-.-'],['3.5.-.-']
595,b4474,P45541,,
596,b3374,P45543,['2.7.1.-'],['2.7.1.-']
597,b3370,P45539,,
598,b4321,P0AC94,,
599,b2167,P20966,['2.7.1.69'],['2.7.1.69']
600,b2169,P69811,['2.7.1.-'],['2.7.1.69']
601,b1232,P37051,['3.5.1.10'],['3.5.1.10']
602,b2801,P11551,,
603,b1611,P05042,['4.2.1.2'],['4.2.1.2']
604,b1612,P0AC33,"['5.3.2.2', '4.2.1.2']",['4.2.1.2']
605,b0621,P0ABP3,,
606,b3730,P0ACC7,"['2.3.1.157', '2.7.7.23']","['2.7.7.23', '2.3.1.157']"
607,b1002,P19926,['3.1.3.10'],['3.1.3.10']
608,b2039,P37744,['2.7.7.24'],['2.7.7.24']
609,b3789,P61887,['2.7.7.24'],['2.7.7.24']
610,b0154,P23893,['5.4.3.8'],['5.4.3.8']
611,b2533,P0ADG4,['3.1.3.25'],['3.1.3.25']
612,b4055,P0AE22,['3.1.3.2'],['3.1.3.2']
613,b4041,P0A7A7,['2.3.1.15'],['2.3.1.15']
614,b3453,P0AG80,,
615,b3452,P10905,,
616,b3450,P10907,['3.6.3.20'],['3.6.3.20']
617,b3451,P10906,,
618,b3608,P0A6S7,['1.1.1.94'],['1.1.1.94']
619,b3426,P13035,['1.1.5.3'],['1.1.5.3']
620,b2242,P13033,['1.1.5.3'],['1.1.5.3']
621,b2241,P0A9C0,['1.1.5.3'],['1.1.5.3']
622,b2243,P0A996,,['1.1.5.3']
623,b0243,P07004,['1.2.1.41'],['1.2.1.41']
624,b0678,P0A759,['3.5.99.6'],['3.5.99.6']
625,b1852,P0AC53,['1.1.1.49'],['1.1.1.49']
626,b3128,P39829,['4.2.1.42'],['4.2.1.42']
627,b4358,P39400,['1.1.1.-'],
628,b4478,Q6BF17,['4.2.1.6'],['4.2.1.6']
629,b4356,P39398,,
630,b3691,P0AA76,,
631,b3127,P0AA80,,
632,b2789,Q46916,,
633,b2045,P71242,['2.-.-.-'],
634,b0757,P0A6T3,['2.7.1.6'],['2.7.1.6']
635,b0756,P0A9C3,['5.1.3.3'],['5.1.3.3']
636,b4119,P06720,['3.2.1.22'],['3.2.1.22']
637,b3628,P27127,['2.4.1.-'],['2.4.1.-']
638,b2093,P37188,['2.7.1.69'],['2.7.1.69']
639,b2094,P69828,['2.7.1.-'],['2.7.1.69']
640,b2092,P69831,,
641,b3093,P0AA78,,
642,b1236,P0AEP3,['2.7.7.9'],['2.7.7.9']
643,b2148,P23200,,
644,b4227,P39325,,
645,b2149,P0AAG8,['3.6.3.17'],['3.6.3.17']
646,b4231,P37772,,
647,b4230,P39328,,
648,b4485,Q6BEX0,,['3.6.3.17']
649,b2150,P0AEE5,,
650,b2943,P0AEP1,,
651,b2500,P08179,['2.1.2.2'],['2.1.2.2']
652,b1415,P25553,"['1.2.1.21', '1.2.1.22']","['1.2.1.22', '1.2.1.21']"
653,b2052,P32055,['1.1.1.271'],['1.1.1.271']
654,b3650,P0AG24,"['3.1.7.2', '2.7.6.5']",['3.1.7.2']
655,b2784,P0AG20,['2.7.6.5'],['2.7.6.5']
656,b2051,P32056,['3.6.1.-'],['3.6.1.-']
657,b2467,P37128,['3.6.1.-'],['3.6.1.-']
658,b3729,P17169,['2.6.1.16'],['2.6.1.16']
659,b1298,P76038,['3.5.1.94'],['3.5.1.94']
660,b1301,P37906,['1.4.3.-'],['1.4.3.-']
661,b1297,P78061,['6.3.1.11'],['6.3.1.11']
662,b3882,P0A9V8,['1.1.1.373'],"['1.1.1.61', '1.1.1.373']"
663,b3432,P07762,['2.4.1.18'],['2.4.1.18']
664,b0459,P77791,['2.3.1.79'],['2.3.1.79']
665,b0124,P15877,['1.1.5.2'],['1.1.5.2']
666,b0837,P75804,['1.1.5.-'],
667,b4476,P0AC96,,
668,b3415,P39835,,
669,b3428,P0AC86,['2.4.1.1'],['2.4.1.1']
670,b3417,P00490,['2.4.1.1'],['2.4.1.1']
671,b3126,P23522,['4.1.2.20'],['4.1.2.20']
672,b2788,Q46915,['4.2.1.-'],
673,b2787,P0AES2,['4.2.1.40'],['4.2.1.40']
674,b3429,P0A6U8,['2.4.1.21'],['2.4.1.21']
675,b3631,P25740,['2.4.-.-'],['2.4.1.-']
676,b3627,P27128,['2.4.1.44'],['2.4.1.-']
677,b3626,P27129,['2.4.1.58'],['2.4.1.-']
678,b1621,P19642,['2.7.1.69'],['2.7.1.69']
679,b3431,P15067,['3.2.1.-'],['3.2.1.-']
680,b3430,P0A6V1,['2.7.7.27'],['2.7.7.27']
681,b3870,P0A9C5,['6.3.1.2'],['6.3.1.2']
682,b0680,P00962,['6.1.1.18'],['6.1.1.18']
683,b0810,P0AEQ6,,
684,b0811,P0AEQ3,,
685,b0809,P10346,,['3.6.3.-']
686,b2091,P0A9S3,['1.1.1.251'],['1.1.1.251']
687,b0242,P0A7B5,['2.7.2.11'],['2.7.2.11']
688,b1492,P63235,,
689,b2688,P0A6W9,['6.3.2.2'],['6.3.2.2']
690,b3517,P69908,['4.1.1.15'],['4.1.1.15']
691,b1493,P69910,['4.1.1.15'],['4.1.1.15']
692,b1761,P00370,['1.4.1.4'],['1.4.1.4']
693,b0485,P77454,['3.5.1.2'],['3.5.1.2']
694,b1524,P0A6W0,['3.5.1.2'],['3.5.1.2']
695,b2312,P0AG16,['2.4.2.14'],['2.4.2.14']
696,b3967,P22634,['5.1.1.3'],['5.1.1.3']
697,b3212,P09831,['1.4.1.13'],"['1.4.1.13', '1.4.1.14']"
698,b3213,P09832,['1.4.1.13'],"['1.4.1.13', '1.4.1.14']"
699,b1210,P0A6X1,['1.2.1.70'],['1.2.1.70']
700,b2400,P04805,['6.1.1.17'],['6.1.1.17']
701,b3653,P0AER8,,
702,b0507,P0AEP7,['4.1.1.47'],['4.1.1.47']
703,b3927,P0AER0,,
704,b3617,P0AB77,['2.3.1.29'],['2.3.1.29']
705,b2240,P08194,,
706,b0514,P77364,['2.7.1.31'],['2.7.1.31']
707,b3124,P23524,['2.7.1.165'],['2.7.1.31']
708,b2904,P0A6T9,,
709,b2903,P33195,['1.4.4.2'],['1.4.4.2']
710,b2905,P27248,['2.1.2.10'],['2.1.2.10']
711,b1033,P75913,"['1.1.1.81', '1.1.1.79']","['1.1.1.79', '1.1.1.81']"
712,b4467,P52074,,
713,b4468,P52073,,
714,b2979,P0AEP9,,['1.1.3.15']
715,b3926,P0A6F3,['2.7.1.30'],['2.7.1.30']
716,b0212,P0AC84,['3.1.2.6'],['3.1.2.6']
717,b3559,P00961,['6.1.1.14'],['6.1.1.14']
718,b3560,P00960,['6.1.1.14'],['6.1.1.14']
719,b2053,P0AC88,['4.2.1.47'],['4.2.1.47']
720,b3052,P76658,"['2.7.7.70', '2.7.1.167']","['2.7.1.167', '2.7.7.70']"
721,b0200,P63228,['3.1.3.82'],"['3.1.3.82', '3.1.3.83']"
722,b0104,P60560,['1.7.1.7'],['1.7.1.7']
723,b2507,P04079,['6.3.5.2'],['6.3.5.2']
724,b2029,P00350,['1.1.1.44'],['1.1.1.44']
725,b4268,P39208,['2.7.1.12'],['2.7.1.12']
726,b3437,P46859,['2.7.1.12'],['2.7.1.12']
727,b3449,P10908,['3.1.4.46'],['3.1.4.46']
728,b2239,P09394,['3.1.4.46'],['3.1.4.46']
729,b1654,P0AC69,,
730,b3610,P0AC62,,
731,b0849,P68688,,
732,b0477,P0AEW6,['2.7.1.73'],['2.7.1.73']
733,b2988,P0AES0,"['6.3.1.8', '3.5.1.78']","['3.5.1.78', '6.3.1.8']"
734,b3500,P06715,['1.8.1.7'],['1.8.1.7']
735,b1710,P06610,['1.-.-.-'],['1.11.1.9']
736,b3447,P18956,"['3.4.19.13', '2.3.2.2']","['2.3.2.2', '3.4.19.13']"
737,b0829,P75796,['3.6.3.-'],
738,b0832,P75799,,
739,b0830,P75797,,
740,b0831,P75798,,
741,b2947,P04425,['6.3.2.3'],['6.3.2.3']
742,b2153,P0A6T5,['3.5.4.16'],['3.5.4.16']
743,b1277,P0A7I7,['3.5.4.25'],['3.5.4.25']
744,b3779,P25552,['3.6.1.40'],"['3.6.1.11', '3.6.1.40']"
745,b2883,P76641,['3.5.4.3'],['3.5.4.3']
746,b0125,P0A9M2,['2.4.2.8'],['2.4.2.8']
747,b0238,P0A9M5,['2.4.2.22'],['2.4.2.22']
748,b3092,P0A8G3,['5.3.1.12'],['5.3.1.12']
749,b3875,P76773,,
750,b0957,P0A910,,
751,b1319,P76045,,
752,b0875,P60844,,
753,b1395,P76083,['1.1.1.-'],['1.1.1.157']
754,b4040,P0AGK1,['2.5.1.-'],['2.5.1.39']
755,b0353,P77589,,
756,b0126,P61517,['4.2.1.1'],['4.2.1.1']
757,b0339,P0ABE9,['4.2.1.1'],['4.2.1.1']
758,b0261,Q47690,['2.1.1.10'],['2.1.1.10']
759,b0428,P0AEA5,['2.5.1.-'],['2.5.1.-']
760,b3630,P25741,['2.7.1.-'],['2.7.1.-']
761,b3625,P27240,['2.7.1.-'],['2.7.1.-']
762,b3621,P24173,['2.-.-.-'],['2.4.-.-']
763,b3620,P37692,['2.-.-.-'],['2.4.-.-']
764,b3632,P25742,['2.-.-.-'],['2.4.-.-']
765,b3623,P27242,['2.4.1.56'],['2.4.-.-']
766,b2104,P76423,['2.7.1.50'],['2.7.1.50']
767,b2388,P0A6V8,['2.7.1.2'],['2.7.1.2']
768,b0394,P23917,['2.7.1.4'],['2.7.1.4']
769,b2020,P06988,['1.1.1.23'],['1.1.1.23']
770,b2022,P06987,"['4.2.1.19', '3.1.3.15']","['4.2.1.19', '3.1.3.15']"
771,b2514,P60906,['6.1.1.21'],['6.1.1.21']
772,b2309,P0AEU0,,
773,b0112,P15993,,
774,b0349,P77044,['3.7.1.14'],['3.7.1.14']
775,b3805,P06983,['2.5.1.61'],['2.5.1.61']
776,b2103,P76422,"['2.7.4.7', '2.7.1.49']","['2.7.1.49', '2.7.4.7']"
777,b2418,P40191,['2.7.1.35'],['2.7.1.35']
778,b0813,P0AA67,,
779,b3824,P0AG34,,
780,b0352,P51020,['4.1.3.39'],['4.1.3.39']
781,b0142,P26281,['2.7.6.3'],['2.7.6.3']
782,b0508,P30147,['5.3.1.22'],['5.3.1.22']
783,b0003,P00547,['2.7.1.39'],['2.7.1.39']
784,b4013,P07623,['2.3.1.46'],['2.3.1.46']
785,b2021,P06986,['2.6.1.9'],['2.6.1.9']
786,b2868,Q46801,,
787,b2867,Q46800,['1.17.1.4'],['1.17.1.4']
788,b2866,Q46799,['1.17.1.4'],['1.17.1.4']
789,b0973,P0ACD8,['1.12.99.6'],['1.12.99.6']
790,b2997,P69741,['1.12.99.6'],['1.12.99.6']
791,b0974,P0AAM1,,
792,b0972,P69739,['1.12.99.6'],['1.12.99.6']
793,b2995,P37180,,
794,b2994,P0ACE0,['1.12.99.6'],['1.12.99.6']
795,b2996,P0AAJ8,,
796,b2530,P0A6B7,['2.8.1.7'],['2.8.1.7']
797,b2529,P0ACD4,,
798,b3807,P27838,,
799,b2528,P0AAC8,,
800,b1136,P08200,['1.1.1.42'],['1.1.1.42']
801,b2265,P38051,['5.4.4.2'],['5.4.4.2']
802,b0593,P0AEJ2,['5.4.4.2'],['5.4.4.2']
803,b0595,P0ADI4,"['3.3.2.1', '6.3.2.14']",['3.3.2.1']
804,b4015,P0A9G6,['4.1.3.1'],['4.1.3.1']
805,b4267,P39346,['1.1.1.264'],['1.1.1.264']
806,b2025,P60664,['4.1.3.-'],['4.1.3.-']
807,b2023,P60595,['2.4.2.-'],['2.4.2.-']
808,b1262,P00909,"['5.3.1.24', '4.1.1.48']","['4.1.1.48', '5.3.1.24']"
809,b3770,P0AB80,['2.6.1.42'],['2.6.1.42']
810,b0026,P00956,['6.1.1.5'],['6.1.1.5']
811,b0401,P0AD99,,
812,b2508,P0ADG7,['1.1.1.205'],['1.1.1.205']
813,b3266,P24181,,
814,b3265,P24180,,
815,b3161,P0AAD2,,
816,b3679,P31448,,
817,b2889,Q46822,['5.3.3.2'],['5.3.3.2']
818,b0073,P30125,['1.1.1.85'],['1.1.1.85']
819,b0072,P0A6A6,['4.2.1.33'],"['4.2.1.33', '4.2.1.35']"
820,b0071,P30126,['4.2.1.33'],"['4.2.1.33', '4.2.1.35']"
821,b0074,P09151,['2.3.3.13'],['2.3.3.13']
822,b0918,P04951,['2.7.7.38'],['2.7.7.38']
823,b3198,P0ABZ4,['3.1.3.45'],['3.1.3.45']
824,b1215,P0A715,['2.5.1.55'],['2.5.1.55']
825,b4196,P39304,['4.1.1.85'],['4.1.1.85']
826,b3581,P37678,['4.1.1.85'],['4.1.1.85']
827,b0696,P03961,['3.6.3.12'],['3.6.3.12']
828,b4513,P36937,,
829,b0698,P03959,['3.6.3.12'],['3.6.3.12']
830,b0697,P03960,['3.6.3.12'],['3.6.3.12']
831,b3849,P0AFZ7,,
832,b3290,P0AGI8,,
833,b3747,P63183,,
834,b1291,P0AAH4,,
835,b1363,P23849,,
836,b1250,P31069,,
837,b0047,P03819,,
838,b3350,P45522,,
839,b0842,P0AEY8,,
840,b3605,P33232,['1.1.-.-'],['1.1.2.3']
841,b0306,P77252,,
842,b0307,P77536,,
843,b0308,P77433,,
844,b2257,P76473,['2.4.2.43'],['2.4.2.43']
845,b0344,P00722,['3.2.1.23'],['3.2.1.23']
846,b2132,P33363,['3.2.1.21'],['3.2.1.21']
847,b1326,P0ACV6,,
848,b0709,P75742,,
849,b3496,P36837,,
850,b1634,P77304,,
851,b4130,P39276,,
852,b2799,P0A9S1,['1.1.1.77'],['1.1.1.77']
853,b2170,P33026,,
854,b0070,P31675,,
855,b0343,P02920,,
856,b2133,P06149,['1.1.1.28'],['1.1.1.28']
857,b1380,P52643,['1.1.1.28'],['1.1.1.28']
858,b4054,P04693,"['2.6.1.107', '2.6.1.57']",['2.6.1.57']
859,b0642,P07813,['6.1.1.4'],['6.1.1.4']
860,b3458,P04816,,
861,b1651,P0AC81,['4.4.1.5'],['4.4.1.5']
862,b0622,P37001,['2.3.1.-'],['2.3.1.-']
863,b4386,P32099,['2.7.7.63'],['2.7.7.63']
864,b0630,P60720,['2.3.1.181'],['2.3.1.181']
865,b0628,P60716,['2.8.1.8'],['2.8.1.8']
866,b0182,P10441,['2.4.1.182'],['2.4.1.182']
867,b0494,P0ADA1,"['3.1.1.5', '3.1.2.-']","['3.1.2.-', '3.1.1.5']"
868,b3825,P07000,['3.1.1.5'],['3.1.1.5']
869,b0186,P52095,['4.1.1.18'],['4.1.1.18']
870,b4131,P0A9H3,['4.1.1.18'],['4.1.1.18']
871,b2890,P0A8N3,['6.1.1.6'],['6.1.1.6']
872,b2156,P25737,,
873,b3903,P32170,['5.3.1.14'],['5.3.1.14']
874,b3907,P27125,,
875,b3600,P09424,['1.1.1.17'],['1.1.1.17']
876,b0777,P12999,['2.1.1.197'],['2.1.1.197']
877,b1800,P76251,['1.1.1.83'],"['1.1.1.93', '4.1.1.73', '1.1.1.83']"
878,b4014,P08997,['2.3.3.9'],['2.3.3.9']
879,b2976,P37330,['2.3.3.9'],['2.3.3.9']
880,b2049,P24174,['2.7.7.13'],['2.7.7.13']
881,b1613,P00946,['5.3.1.8'],['5.3.1.8']
882,b4323,P39160,['1.1.1.57'],['1.1.1.57']
883,b0731,P54745,"['2.7.1.69', '2.7.1.-']",['2.7.1.69']
884,b0732,P54746,['3.2.1.170'],['3.2.1.170']
885,b0334,P77243,['4.2.1.79'],['4.2.1.79']
886,b0331,P77541,['4.1.3.30'],['4.1.3.30']
887,b0333,P31660,['2.3.3.5'],['2.3.3.5']
888,b1092,P0AAI9,['2.3.1.39'],['2.3.1.39']
889,b2521,P31142,['2.8.1.2'],"['2.8.1.1', '2.8.1.2']"
890,b0084,P0AD68,['2.4.1.129'],
891,b3396,P02918,"['3.4.-.-', '2.4.2.-']","['2.4.1.-', '3.4.-.-']"
892,b0635,P0AD65,,
893,b0149,P02919,"['3.4.-.-', '2.4.1.129']","['2.4.1.129', '3.4.-.-']"
894,b0632,P0AEB2,"['3.5.2.6', '3.4.16.4']",['3.4.16.4']
895,b3182,P24228,"['3.4.21.-', '3.4.16.4']","['3.4.16.4', '3.4.21.-']"
896,b0839,P08506,['3.4.16.4'],['3.4.16.4']
897,b2010,P33013,['3.4.16.4'],['3.4.16.4']
898,b2134,P0AFI5,['3.4.21.-'],['3.4.21.-']
899,b2328,P0C0T5,['3.4.24.-'],['3.4.24.-']
900,b3236,P61889,['1.1.1.37'],['1.1.1.37']
901,b2210,P33940,['1.1.5.4'],['1.1.5.4']
902,b1479,P26616,['1.1.1.38'],['1.1.1.38']
903,b2463,P76558,['1.1.1.40'],['1.1.1.40']
904,b2515,P62620,['1.17.7.3'],"['1.17.7.1', '1.17.7.3']"
905,b2746,P62617,['4.6.1.12'],['4.6.1.12']
906,b4120,P02921,,
907,b2747,Q46893,['2.7.7.60'],['2.7.7.60']
908,b2942,P0A817,['2.5.1.6'],['2.5.1.6']
909,b0197,P28635,,
910,b0198,P31547,,
911,b0199,P30750,['3.6.3.-'],
912,b3829,P25665,['2.1.1.14'],['2.1.1.14']
913,b4019,P13009,['2.1.1.13'],['2.1.1.13']
914,b4219,P0A744,['1.8.4.11'],['1.8.4.11']
915,b1778,P0A746,['1.8.4.12'],['1.8.4.12']
916,b2114,P00959,['6.1.1.10'],['6.1.1.10']
917,b4242,P0ABB8,['3.6.3.2'],['3.6.3.2']
918,b0963,P0A731,['4.2.3.3'],['4.2.3.3']
919,b0403,P21517,['3.2.1.20'],['3.2.1.20']
920,b2963,P0C066,['4.2.2.n1'],
921,b4392,P0AGC3,['4.2.2.n1'],['3.2.1.-']
922,b2701,P41052,['4.2.2.n1'],
923,b2558,P0AGC5,['4.2.2.n1'],
924,b2813,P0A935,['4.2.2.n1'],
925,b1193,P0C960,['4.2.2.n2'],
926,b2919,P52045,['4.1.1.41'],['4.1.1.41']
927,b0260,Q47689,,
928,b2917,P27253,['5.4.99.2'],['5.4.99.2']
929,b3599,P00550,"['2.7.1.-', '2.7.1.69']",['2.7.1.69']
930,b4322,P24215,['4.2.1.8'],['4.2.1.8']
931,b0784,P30748,,
932,b3633,P0AC75,"['2.4.99.13', '2.4.99.12']","['2.4.99.12', '2.4.99.13', '2.4.99.14', '2.4.99.15']"
933,b3624,P27241,,['2.-.-.-']
934,b2422,P16676,['3.6.3.25'],['3.6.3.25']
935,b0764,P0AF01,,
936,b0765,P09833,['3.6.3.29'],['3.6.3.29']
937,b0763,P37329,,
938,b2425,P16700,,
939,b2423,P0AEB0,,
940,b2424,P16701,,
941,b3917,P0AG78,,
942,b2877,Q46810,['2.7.7.76'],['2.7.7.76']
943,b0134,P31057,['2.1.2.11'],['2.1.2.11']
944,b0009,P0AF03,['2.7.7.75'],['2.7.7.75']
945,b2519,P76577,['2.4.2.-'],['2.4.1.-']
946,b1069,P0AF16,,
947,b0785,P30749,['2.8.1.12'],['2.8.1.12']
948,b0826,P12282,['2.7.7.80'],
949,b1008,P75894,['1.1.1.298'],['1.1.1.-']
950,b0529,P24186,"['3.5.4.9', '1.5.1.5']","['1.5.1.5', '3.5.4.9']"
951,b3941,P0AEZ1,['1.5.1.20'],['1.5.1.20']
952,b1059,P40874,['1.5.3.-'],['1.5.3.-']
953,b3996,P32664,['3.6.1.22'],['3.6.1.22']
954,b2411,P15042,['6.5.1.2'],['6.5.1.2']
955,b1109,P00393,['1.6.99.3'],['1.6.99.3']
956,b2283,P33602,['1.6.99.5'],['1.6.5.3']
957,b2276,P0AFF0,['1.6.99.5'],['1.6.5.3']
958,b2280,P0AFE0,['1.6.99.5'],['1.6.5.3']
959,b2277,P0AFE8,['1.6.99.5'],['1.6.5.3']
960,b2285,P0AFD1,['1.6.99.5'],['1.6.5.3']
961,b2281,P0AFD6,['1.6.99.5'],['1.6.5.3']
962,b2287,P0AFC7,['1.6.99.5'],['1.6.5.3']
963,b2284,P31979,['1.6.99.5'],['1.6.5.3']
964,b2282,P0AFD4,['1.6.99.5'],['1.6.5.3']
965,b2278,P33607,['1.6.99.5'],['1.6.5.3']
966,b2279,P0AFE4,['1.6.99.5'],['1.6.5.3']
967,b2288,P0AFC3,['1.6.99.5'],['1.6.5.3']
968,b2286,P33599,['1.6.99.5'],['1.6.5.3']
969,b2615,P0A7B3,['2.7.1.23'],['2.7.1.23']
970,b3028,P0AEY5,,
971,b1740,P18843,['6.3.1.5'],['6.3.1.5']
972,b3962,P27306,['1.6.1.1'],['1.6.1.1']
973,b1602,P0AB67,['1.6.1.2'],['1.6.1.2']
974,b1603,P07001,['1.6.1.2'],['1.6.1.2']
975,b0931,P18133,['6.3.4.21'],['6.3.4.21']
976,b1186,P0AFA7,,
977,b0019,P13738,,
978,b2518,P0A763,['2.7.4.6'],['2.7.4.6']
979,b0451,P69681,,
980,b2711,P37596,['1.18.1.-'],['1.18.1.-']
981,b2710,Q46877,,
982,b3477,P33591,,
983,b3480,P33594,['3.6.3.24'],['3.6.3.24']
984,b3476,P33590,,
985,b3479,P33593,['3.6.3.24'],['3.6.3.24']
986,b3478,P0AFA9,,
987,b4390,P27278,"['2.7.1.22', '2.7.7.1']","['2.7.7.1', '2.7.1.22']"
988,b0639,P0A752,['2.7.7.18'],['2.7.7.18']
989,b0751,P0AFK2,,
990,b1768,P21369,"['3.5.1.19', '3.5.1.-']","['3.5.1.19', '3.5.1.-']"
991,b1991,P36562,['2.4.2.21'],['2.4.2.21']
992,b0109,P30011,['2.4.2.19'],['2.4.2.19']
993,b1223,P10903,,
994,b3367,P0AC26,,
995,b2206,P33937,['1.7.99.4'],['1.7.99.4']
996,b2203,P0ABL3,,
997,b2205,P0AAL3,,
998,b2202,P0ABL5,,
999,b2204,P33934,,
1000,b1466,P19317,,
1001,b1467,P19318,['1.7.99.4'],['1.7.99.4']
1002,b1465,P0AF32,['1.7.99.4'],['1.7.99.4']
1003,b1468,P19319,['1.7.99.4'],['1.7.99.4']
1004,b1224,P09152,['1.7.99.4'],['1.7.99.4']
1005,b1226,P0AF26,,
1006,b1227,P11350,['1.7.99.4'],['1.7.99.4']
1007,b1225,P11349,['1.7.99.4'],['1.7.99.4']
1008,b1469,P37758,,
1009,b2552,P24232,['1.14.12.17'],['1.14.12.17']
1010,b2291,P76491,['3.1.3.89'],['3.1.3.89']
1011,b4374,P0A8Y1,['3.1.3.5'],['3.1.3.5']
1012,b2744,P0A840,"['3.6.1.11', '3.1.3.6', '3.1.3.5']",['3.1.3.5']
1013,b0480,P07024,"['3.1.3.5', '3.6.1.45']","['3.1.3.5', '3.6.1.45']"
1014,b4161,P39286,['3.6.1.-'],['3.6.1.-']
1015,b0650,P77319,,
1016,b4394,P39411,['3.6.1.-'],
1017,b0980,P07102,"['3.1.3.26', '3.1.3.2']","['3.1.3.26', '3.1.3.2']"
1018,b2781,P0AEY3,['3.6.1.8'],['3.6.1.8']
1019,b2954,P52061,['3.6.1.19'],['3.6.1.66']
1020,b1759,P77788,['3.6.1.65'],['3.6.1.65']
1021,b0160,P15723,['3.1.5.1'],['3.1.5.1']
1022,b3366,P0A9I8,['1.7.1.15'],['1.7.1.15']
1023,b3365,P08201,['1.7.1.15'],['1.7.1.15']
1024,b4072,P0AAK7,,
1025,b4073,P32709,,
1026,b4071,P0ABL1,,
1027,b4070,P0ABK9,['1.7.2.2'],['1.7.2.2']
1028,b2027,P76372,,
1029,b2035,P37748,,['2.4.1.-']
1030,b2033,P37750,['2.3.1.-'],['2.3.1.-']
1031,b2037,P37746,,
1032,b2034,P37749,['2.4.1.-'],
1033,b2032,P37751,,
1034,b2579,P68066,,
1035,b0902,P0A9N4,['1.97.1.4'],['1.97.1.4']
1036,b3114,P42632,"['2.3.1.54', '2.3.1.-']",['2.3.1.54']
1037,b0903,P09373,['2.3.1.54'],['2.3.1.54']
1038,b4254,P04391,['2.1.3.3'],['2.1.3.3']
1039,b0273,P06960,['2.1.3.3'],['2.1.3.3']
1040,b3187,P0AD57,['2.5.1.90'],['2.5.1.90']
1041,b0907,P23721,['2.6.1.52'],['2.6.1.52']
1042,b0662,P75728,['1.14.13.-'],['1.14.13.-']
1043,b1281,P08244,['4.1.1.23'],['4.1.1.23']
1044,b2907,P25534,['1.14.13.-'],['1.14.13.-']
1045,b0350,P77608,['4.2.1.80'],['4.2.1.80']
1046,b3843,P0AAB4,['4.1.1.-'],['4.1.1.98']
1047,b2311,P0AG03,['4.1.1.-'],['4.1.1.98']
1048,b3835,P0A6A0,['2.7.-.-'],
1049,b2965,P21169,['4.1.1.17'],['4.1.1.17']
1050,b0693,P24169,['4.1.1.17'],['4.1.1.17']
1051,b3642,P0A7E3,['2.4.2.10'],['2.4.2.10']
1052,b2373,P0AFI0,['4.1.1.8'],['4.1.1.8']
1053,b1387,P77455,"['1.2.1.91', '3.3.2.12']","['3.3.2.12', '1.2.1.91']"
1054,b1394,P77467,['5.3.3.18'],['5.3.3.18']
1055,b1014,P09546,"['1.2.1.88', '1.5.5.2']","['1.5.5.2', '1.2.1.88']"
1056,b0386,P0A9L8,['1.5.1.2'],['1.5.1.2']
1057,b1391,P76080,,
1058,b1392,P76081,['1.-.-.-'],
1059,b1388,P76077,['1.14.13.149'],['1.14.13.149']
1060,b1390,P76079,,['1.14.13.149']
1061,b1389,P76078,,
1062,b1398,P76085,['6.2.1.30'],['6.2.1.30']
1063,b0133,P31663,['6.3.2.1'],['6.3.2.1']
1064,b1278,P0A924,"['3.6.1.27', '3.1.3.4', '3.1.3.81', '3.1.3.27']","['3.1.3.27', '3.1.3.81', '3.1.3.4', '3.6.1.27']"
1065,b0087,P0A6W3,['2.7.8.13'],['2.7.8.13']
1066,b2762,P17854,['1.8.4.8'],['1.8.4.8']
1067,b1489,P76129,['3.1.4.52'],['3.1.4.52']
1068,b0115,P06959,['2.3.1.12'],['2.3.1.12']
1069,b0114,P0AFG8,['1.2.4.1'],['1.2.4.1']
1070,b1638,P0AFI7,['1.4.3.5'],['1.4.3.5']
1071,b2564,P0A794,['2.6.99.2'],['2.6.99.2']
1072,b0052,P19624,['1.1.1.262'],['1.1.1.262']
1073,b0766,P21829,['3.1.3.74'],
1074,b2320,P05459,['1.1.1.290'],['1.1.1.290']
1075,b3546,P37661,['2.7.-.-'],
1076,b3916,P0A796,['2.7.1.11'],['2.7.1.11']
1077,b1723,P06999,['2.7.1.11'],['2.7.1.11']
1078,b3951,P32674,['2.3.1.54'],['2.3.1.54']
1079,b3952,P32675,['1.97.1.4'],['1.97.1.4']
1080,b3176,P31120,['5.4.2.10'],['5.4.2.10']
1081,b2913,P0A9T0,['1.1.1.95'],['1.1.1.95']
1082,b4025,P0A6T1,['5.3.1.9'],['5.3.1.9']
1083,b2926,P0A799,['2.7.2.3'],['2.7.2.3']
1084,b0767,P52697,['3.1.1.31'],['3.1.1.31']
1085,b3385,P32662,['3.1.3.18'],['3.1.3.18']
1086,b3612,P37689,['5.4.2.12'],['5.4.2.12']
1087,b4395,P0A7A2,['5.4.2.-'],['5.4.2.12']
1088,b0755,P62707,['5.4.2.11'],['5.4.2.11']
1089,b2690,P77475,['3.1.3.-'],
1090,b0688,P36938,['5.4.2.2'],['5.4.2.2']
1091,b0418,P18200,['3.1.3.27'],['3.1.3.27']
1092,b1912,P0ABF8,['2.7.8.5'],['2.7.8.5']
1093,b2201,P33931,['3.6.3.41'],['3.6.3.41']
1094,b2197,P69490,,
1095,b2198,P0ABM5,,
1096,b2199,P0ABM1,,
1097,b2200,P0ABL8,,
1098,b1714,P08312,['6.1.1.20'],['6.1.1.20']
1099,b1713,P07395,['6.1.1.20'],['6.1.1.20']
1100,b1473,P46136,,
1101,b0576,P24207,,
1102,b3493,P0AFJ7,,
1103,b2987,P43676,,
1104,b3727,P0AGH8,,
1105,b3728,P0AG82,,
1106,b3726,P07654,,
1107,b3725,P0AAH0,['3.6.3.27'],['3.6.3.27']
1108,b3821,P0A921,"['3.1.1.4', '3.1.1.32']","['3.1.1.32', '3.1.1.4']"
1109,b2048,P24175,['5.4.2.8'],['5.4.2.8']
1110,b3412,P13001,['3.1.1.85'],['3.1.1.85']
1111,b3974,P0A6I3,['2.7.1.33'],['2.7.1.33']
1112,b3258,P16256,,
1113,b1010,P0AFQ5,['1.-.-.-'],
1114,b1378,P52647,['1.2.7.-'],"['1.2.7.1', '1.2.7.-']"
1115,b0871,P07003,['1.2.5.1'],['1.2.5.1']
1116,b4226,P0A7A9,['3.6.1.1'],['3.6.1.1']
1117,b2502,P0AFL6,['3.6.1.11'],"['3.6.1.11', '3.6.1.40']"
1118,b1015,P07117,,
1119,b0369,P0ACB2,['4.2.1.24'],['4.2.1.24']
1120,b3956,P00864,['4.1.1.31'],['4.1.1.31']
1121,b3639,P0ABQ0,"['6.3.2.5', '4.1.1.36']","['4.1.1.36', '6.3.2.5']"
1122,b3403,P22259,['4.1.1.49'],['4.1.1.49']
1123,b2920,P52043,['2.8.3.-'],
1124,b2501,P0A7B1,['2.7.4.1'],['2.7.4.1']
1125,b3380,P45549,,
1126,b4383,P0A6K6,['5.4.2.7'],['5.4.2.7']
1127,b3850,P0ACB4,['1.3.5.3'],['1.3.5.3']
1128,b2536,Q47142,,
1129,b1702,P23538,['2.7.9.2'],['2.7.9.2']
1130,b0383,P00634,['3.1.3.1'],['3.1.3.1']
1131,b4005,P15640,['6.3.4.13'],['6.3.4.13']
1132,b2499,P08178,['6.3.3.1'],['6.3.3.1']
1133,b2026,P06989,"['3.6.1.31', '3.5.4.19']","['3.6.1.31', '3.5.4.19']"
1134,b2476,P0A7D7,['6.3.2.6'],['6.3.2.6']
1135,b2557,P15254,['6.3.5.3'],['6.3.5.3']
1136,b2024,P10371,['5.3.1.16'],['5.3.1.16']
1137,b0194,P16659,['6.1.1.15'],['6.1.1.15']
1138,b1207,P0A717,['2.7.6.1'],['2.7.6.1']
1139,b0908,P0A6D3,['2.5.1.19'],['2.5.1.19']
1140,b4160,P0A8K1,['4.1.1.65'],['4.1.1.65']
1141,b4388,P0AGB0,['3.1.3.3'],['3.1.3.3']
1142,b2585,P23830,['2.7.8.8'],['2.7.8.8']
1143,b2297,P0A9M8,['2.3.1.8'],['2.3.1.8']
1144,b2458,P77218,,
1145,b3634,P0A6I6,['2.7.7.3'],['2.7.7.3']
1146,b0692,P0AAF1,,
1147,b3073,P42588,['2.6.1.82'],['2.6.1.82']
1148,b1125,P0AFK4,,
1149,b0856,P31135,,
1150,b0855,P31134,,
1151,b0857,P0AFL1,,
1152,b1440,P76108,,
1153,b0854,P31133,,
1154,b1441,P77795,,
1155,b1442,P77156,,
1156,b1123,P0AFK9,,
1157,b1443,P0AFR9,,
1158,b1126,P69874,['3.6.3.31'],['3.6.3.31']
1159,b1124,P0AFK6,,
1160,b1296,P76037,,
1161,b2407,P45563,['2.4.2.1'],['2.4.2.-']
1162,b1636,P77150,['2.7.1.35'],['2.7.1.35']
1163,b3826,P27848,"['3.1.3.23', '3.1.3.74']",
1164,b1676,P0AD61,['2.7.1.40'],['2.7.1.40']
1165,b1854,P21599,['2.7.1.40'],['2.7.1.40']
1166,b3831,P12758,['2.4.2.3'],['2.4.2.3']
1167,b1007,P75893,['1.5.1.42'],['1.5.1.-']
1168,b1012,P75898,['1.14.99.46'],['1.14.99.46']
1169,b3029,P0ADU2,['1.-.-.-'],
1170,b1692,P0A6D5,['1.1.1.282'],['1.1.1.282']
1171,b0750,P11458,['2.5.1.72'],['2.5.1.72']
1172,b4094,P16690,['2.7.4.23'],['2.7.4.23']
1173,b1662,P0AFU8,['2.5.1.9'],['2.5.1.9']
1174,b0415,P61714,['2.5.1.78'],['2.5.1.78']
1175,b3752,P0A9J6,['2.7.1.15'],['2.7.1.15']
1176,b0063,P08204,['2.7.1.16'],['2.7.1.16']
1177,b3583,P37680,['5.1.3.4'],['5.1.3.4']
1178,b4198,P39306,['5.1.3.4'],['5.1.3.4']
1179,b0061,P08203,['5.1.3.4'],['5.1.3.4']
1180,b3629,P27126,,['2.4.1.-']
1181,b2687,P45578,['4.4.1.21'],['4.4.1.21']
1182,b3750,P0AGI1,,
1183,b3748,P04982,['5.4.99.62'],['5.4.99.62']
1184,b3751,P02925,,
1185,b3749,P04983,['3.6.3.17'],['3.6.3.17']
1186,b3904,P32171,['2.7.1.5'],['2.7.1.5']
1187,b3902,P32169,['4.1.2.19'],['4.1.2.19']
1188,b2235,P69924,['1.17.4.1'],['1.17.4.1']
1189,b2234,P00452,['1.17.4.1'],['1.17.4.1']
1190,b2676,P37146,['1.17.4.1'],['1.17.4.1']
1191,b2675,P39452,['1.17.4.1'],['1.17.4.1']
1192,b4238,P28903,['1.17.4.2'],['1.17.4.2']
1193,b4237,P0A9N8,['1.97.1.-'],['1.97.1.4']
1194,b4301,P39362,['5.1.3.-'],['5.1.3.-']
1195,b3386,P0AG07,['5.1.3.1'],['5.1.3.1']
1196,b2914,P0A7Z0,['5.3.1.6'],['5.3.1.6']
1197,b0638,P52086,['3.1.3.73'],['3.1.3.73']
1198,b1683,P77522,,
1199,b1681,P77689,,
1200,b1682,P77499,,
1201,b1679,P76194,,
1202,b1680,P77444,"['4.4.1.16', '2.8.1.7']","['2.8.1.7', '4.4.1.16']"
1203,b1684,P77667,,
1204,b0222,P63224,['5.3.1.28'],['5.3.1.28']
1205,b1745,P76216,['3.5.3.23'],['3.5.3.23']
1206,b2752,P21156,['2.7.7.4'],['2.7.7.4']
1207,b2751,P23845,['2.7.7.4'],['2.7.7.4']
1208,b2705,P05707,['1.1.1.140'],['1.1.1.140']
1209,b2702,P56579,,
1210,b2703,P56580,['2.7.1.69'],['2.7.1.69']
1211,b2704,P05706,['2.7.1.-'],['2.7.1.69']
1212,b2472,P0AED7,['3.5.1.18'],['3.5.1.18']
1213,b3591,P0A821,['2.9.1.1'],['2.9.1.1']
1214,b1764,P16456,['2.7.9.3'],['2.7.9.3']
1215,b2264,P17109,['2.2.1.9'],['2.2.1.9']
1216,b0586,P11454,['2.7.7.-'],['2.7.7.-']
1217,b3607,P0A9D4,['2.3.1.30'],['2.3.1.30']
1218,b2366,P00926,['4.3.1.18'],['4.3.1.18']
1219,b4471,P42630,['4.3.1.17'],['4.3.1.17']
1220,b1814,P16095,['4.3.1.17'],['4.3.1.17']
1221,b2797,P30744,['4.3.1.17'],['4.3.1.17']
1222,b0893,P0A8L1,['6.1.1.11'],['6.1.1.11']
1223,b3116,P0AAD8,,
1224,b2796,P0AAD6,,
1225,b3089,P0AGE4,,
1226,b0355,P51025,['3.1.2.12'],['3.1.2.12']
1227,b2154,P33018,['3.1.2.12'],['3.1.2.12']
1228,b1744,P76215,['3.5.1.96'],['3.5.1.96']
1229,b1746,P76217,['1.2.1.71'],['1.2.1.71']
1230,b2263,P37355,['4.2.99.20'],['4.2.99.20']
1231,b3368,P0AEA8,"['4.99.1.4', '1.3.1.76', '2.1.1.107']","['2.1.1.107', '1.3.1.76', '4.99.1.4']"
1232,b3281,P15770,['1.1.1.25'],['1.1.1.25']
1233,b3390,P0A6D7,['2.7.1.71'],['2.7.1.71']
1234,b0388,P0A6E1,['2.7.1.71'],['2.7.1.71']
1235,b3939,P00935,['2.5.1.48'],['2.5.1.48']
1236,b1981,P76350,,
1237,b1206,P0AFR2,,
1238,b1584,P0A951,['2.3.1.57'],['2.3.1.57']
1239,b1600,P69212,,
1240,b1599,P69210,,
1241,b1656,P0AGD3,['1.15.1.1'],['1.15.1.1']
1242,b3908,P00448,['1.15.1.1'],['1.15.1.1']
1243,b1646,P0AGD1,['1.15.1.1'],['1.15.1.1']
1244,b1525,P76149,['1.2.1.16'],"['1.2.1.16', '1.2.1.24']"
1245,b2661,P25526,['1.2.1.79'],"['1.2.1.16', '1.2.1.79', '1.2.1.20']"
1246,b2260,P37353,['6.2.1.26'],['6.2.1.26']
1247,b2261,P29208,['4.2.1.113'],['4.2.1.113']
1248,b0722,P0AC44,,
1249,b0721,P69054,,
1250,b0723,P0AC41,['1.3.5.1'],"['1.3.5.1', '1.3.5.4']"
1251,b0724,P07014,['1.3.5.1'],"['1.3.5.1', '1.3.5.4']"
1252,b0728,P0A836,['6.2.1.5'],['6.2.1.5']
1253,b0729,P0AGE9,['6.2.1.5'],['6.2.1.5']
1254,b1521,P0A6L7,['1.1.1.58'],['1.1.1.58']
1255,b0008,P0A870,['2.2.1.2'],['2.2.1.2']
1256,b2464,P0A867,['2.2.1.2'],['2.2.1.2']
1257,b3061,P05847,['4.2.1.32'],['4.2.1.32']
1258,b3062,P0AC35,['4.2.1.32'],['4.2.1.32']
1259,b3063,P39414,,
1260,b0368,P37610,['1.14.11.17'],['1.14.11.17']
1261,b3790,P27832,['2.3.1.210'],['2.3.1.210']
1262,b3791,P27833,['2.6.1.59'],['2.6.1.59']
1263,b2038,P37745,['5.1.3.13'],['5.1.3.13']
1264,b2040,P37760,['1.1.1.133'],['1.1.1.133']
1265,b3788,P27830,['4.2.1.46'],['4.2.1.46']
1266,b2041,P37759,['4.2.1.46'],['4.2.1.46']
1267,b0915,P27300,['2.7.1.130'],['2.7.1.130']
1268,b3137,P0AB74,['4.1.2.40'],['4.1.2.40']
1269,b2096,P0C8J6,['4.1.2.40'],['4.1.2.40']
1270,b3132,P0C8K0,,
1271,b2095,P0C8J8,,
1272,b0166,P0A9D8,['2.3.1.117'],['2.3.1.117']
1273,b2480,P0AE52,['1.11.1.15'],['1.11.1.15']
1274,b0067,P31549,,
1275,b0068,P31550,,
1276,b0066,P31548,['3.6.3.-'],
1277,b3616,P07913,['1.1.1.103'],['1.1.1.103']
1278,b3772,P04968,['4.3.1.19'],['4.3.1.19']
1279,b3117,P0AGF6,"['4.3.1.17', '4.3.1.19']",['4.3.1.19']
1280,b1719,P0A8M3,['6.1.1.3'],['6.1.1.3']
1281,b3823,P0AG38,,
1282,b3992,P30138,['2.7.7.73'],['2.7.7.73']
1283,b3990,P30140,['4.1.99.19'],['4.1.99.19']
1284,b0423,P77718,['2.8.1.4'],
1285,b4407,O32583,,
1286,b2465,P33570,['2.2.1.1'],['2.2.1.1']
1287,b2935,P27302,['2.2.1.1'],['2.2.1.1']
1288,b0997,P33225,['1.7.2.3'],['1.7.2.3']
1289,b0996,P33226,,
1290,b2827,P0A884,['2.1.1.45'],['2.1.1.45']
1291,b1106,P75948,['2.7.1.89'],['2.7.1.89']
1292,b0417,P0AGG0,['2.7.4.16'],['2.7.4.16']
1293,b3993,P30137,['2.5.1.3'],['2.5.1.3']
1294,b3919,P0A858,['5.3.1.1'],['5.3.1.1']
1295,b0613,P77231,['2.4.2.52'],['2.4.2.52']
1296,b0888,P0A9P4,['1.8.1.9'],['1.8.1.9']
1297,b4239,P28904,['3.2.1.93'],['3.2.1.93']
1298,b1897,P31678,['3.1.3.12'],['3.1.3.12']
1299,b1896,P31677,['2.4.1.15'],['2.4.1.15']
1300,b3519,P62601,['3.2.1.28'],['3.2.1.28']
1301,b1197,P13482,['3.2.1.28'],['3.2.1.28']
1302,b4240,P36672,['2.7.1.69'],['2.7.1.69']
1303,b1260,P0A877,['4.2.1.20'],['4.2.1.20']
1304,b1261,P0A879,['4.2.1.20'],['4.2.1.20']
1305,b3384,P00954,['6.1.1.2'],['6.1.1.2']
1306,b3709,P23173,,
1307,b3125,P0ABQ2,['1.1.1.60'],['1.1.1.60']
1308,b0509,P77161,['1.1.1.60'],['1.1.1.60']
1309,b3991,P30139,['2.8.1.10'],['2.8.1.10']
1310,b1637,P0AGJ9,['6.1.1.1'],['6.1.1.1']
1311,b1907,P0AAD4,,
1312,b0179,P21645,['2.3.1.191'],['2.3.1.191']
1313,b0085,P22188,['6.3.2.13'],['6.3.2.13']
1314,b3787,P27829,['1.1.1.336'],['1.1.1.336']
1315,b3786,P27828,['5.1.3.14'],['5.1.3.14']
1316,b0181,P0A722,['2.3.1.129'],['2.3.1.129']
1317,b3189,P0A749,['2.5.1.7'],['2.5.1.7']
1318,b0090,P17443,['2.4.1.227'],['2.4.1.227']
1319,b0088,P14900,['6.3.2.9'],['6.3.2.9']
1320,b0091,P17952,['6.3.2.8'],['6.3.2.8']
1321,b3972,P08373,['1.3.1.98'],['1.3.1.98']
1322,b0841,P75806,['3.6.1.27'],['3.6.1.27']
1323,b3057,P60932,['3.6.1.27'],['3.6.1.27']
1324,b0174,P60472,['2.5.1.31'],['2.5.1.31']
1325,b0759,P09147,['5.1.3.2'],['5.1.3.2']
1326,b2036,P37747,['5.4.99.9'],['5.4.99.9']
1327,b2028,P76373,['1.1.1.22'],['1.1.1.22']
1328,b2255,P77398,"['1.1.1.305', '2.1.2.13']","['2.1.2.13', '1.1.1.305']"
1329,b2253,P77690,['2.6.1.87'],['2.6.1.87']
1330,b0758,P09148,['2.7.7.12'],['2.7.7.12']
1331,b0505,P77731,['4.3.2.3'],['4.3.2.3']
1332,b0086,P11880,['6.3.2.10'],['6.3.2.10']
1333,b0096,P0A725,['3.5.1.-'],['3.5.1.108']
1334,b2258,P76474,,
1335,b4544,Q47377,,
1336,b4233,P37773,['6.3.2.45'],['6.3.2.-']
1337,b0171,P0A7E9,['2.7.4.22'],['2.7.4.22']
1338,b2256,P76472,['3.5.1.n3'],['3.5.-.-']
1339,b2254,P77757,['2.4.2.53'],['2.4.2.53']
1340,b3803,P09127,['2.1.1.107'],['2.1.1.107']
1341,b3804,P09126,['4.2.1.75'],['4.2.1.75']
1342,b3997,P29680,['4.1.1.37'],['4.1.1.37']
1343,b2498,P0A8F0,['2.4.2.9'],['2.4.2.9']
1344,b1011,P75897,['3.5.1.110'],['3.5.1.110']
1345,b2497,P0AGM7,,
1346,b1006,P75892,,
1347,b0517,P77555,['1.1.1.350'],['1.1.1.350']
1348,b0524,P43341,['3.6.1.54'],['3.6.1.54']
1349,b4258,P07118,['6.1.1.9'],['6.1.1.9']
1350,b2683,P43667,,
1351,b2682,P76630,,
1352,b3572,P09053,['2.6.1.66'],['2.6.1.66']
1353,b4197,P39305,['5.1.3.22'],['5.1.3.22']
1354,b2882,P67444,,
1355,b3565,P00944,['5.3.1.5'],['5.3.1.5']
1356,b3577,P37674,,
1357,b3578,P37675,,
1358,b3579,P37676,,
1359,b3567,P37388,['3.6.3.17'],['3.6.3.17']
1360,b3566,P37387,,
1361,b3568,P0AGI4,,
1362,b4031,P0AGF4,,
1363,b1858,P0A9X1,['3.6.3.-'],['3.6.3.-']
1364,b1859,P39832,,
1365,b1857,P39172,,
