,protein_abundance
b0001,19537.0
b0002,5761.0
b0003,2287.0
b0004,5880.0
b0005,78.0
b0006,494.0
b0007,9.0
b0008,8930.0
b0009,353.0
b0010,38.0
b0011,5.0
b0013,1.0
b0014,10567.0
b0015,938.0
b0018,0.0
b0019,131.0
b0020,68.0
b0023,32415.0
b0024,0.0
b0025,233.0
b0026,2270.0
b0027,353.0
b0028,472.0
b0029,409.0
b0030,85.0
b0031,1990.0
b0032,5516.0
b0033,5867.0
b0034,258.0
b0035,2.0
b0036,11.0
b0037,8.0
b0038,11.0
b0039,18.0
b0040,0.0
b0041,4.0
b0042,6.0
b0043,1.0
b0044,4.0
b0045,1.0
b0046,91.0
b0047,39.0
b0048,398.0
b0049,184.0
b0050,260.0
b0051,500.0
b0052,136.0
b0053,1291.0
b0054,1037.0
b0055,137.0
b0058,74.0
b0059,347.0
b0060,16.0
b0061,4.0
b0062,17.0
b0063,5.0
b0064,115.0
b0065,30.0
b0066,93.0
b0067,41.0
b0068,1094.0
b0069,80.0
b0070,15.0
b0071,5305.0
b0072,4284.0
b0073,3334.0
b0074,2685.0
b0075,10282.0
b0076,11.0
b0077,944.0
b0078,1131.0
b0080,314.0
b0081,123.0
b0082,344.0
b0083,201.0
b0084,144.0
b0085,398.0
b0086,346.0
b0087,210.0
b0088,394.0
b0089,117.0
b0090,168.0
b0091,377.0
b0092,296.0
b0093,147.0
b0094,575.0
b0095,3335.0
b0096,2844.0
b0097,226.0
b0098,1148.0
b0099,77.0
b0101,796.0
b0102,373.0
b0103,133.0
b0104,3013.0
b0106,1.0
b0107,1.0
b0108,0.0
b0109,465.0
b0110,202.0
b0111,90.0
b0112,1194.0
b0113,270.0
b0114,5837.0
b0115,5226.0
b0116,9566.0
b0117,1.0
b0118,7660.0
b0119,374.0
b0120,1745.0
b0121,1960.0
b0122,238.0
b0123,1987.0
b0124,415.0
b0125,1120.0
b0126,5058.0
b0127,292.0
b0128,178.0
b0129,12.0
b0130,14.0
b0131,5227.0
b0132,8.0
b0133,1425.0
b0134,2859.0
b0135,3.0
b0136,4.0
b0137,14.0
b0138,13.0
b0139,0.0
b0140,0.0
b0141,0.0
b0142,172.0
b0143,422.0
b0144,42.0
b0145,5438.0
b0146,126.0
b0147,41.0
b0148,39.0
b0149,139.0
b0150,355.0
b0151,54.0
b0152,27.0
b0153,11.0
b0154,1124.0
b0155,50.0
b0156,4534.0
b0157,49.0
b0158,38.0
b0159,1802.0
b0160,129.0
b0161,1601.0
b0162,7.0
b0163,1682.0
b0164,3.0
b0166,8536.0
b0167,167.0
b0168,2117.0
b0169,23487.0
b0170,17031.0
b0171,2531.0
b0172,5780.0
b0173,122.0
b0174,318.0
b0175,182.0
b0176,135.0
b0177,1512.0
b0178,10662.0
b0179,982.0
b0180,3099.0
b0181,754.0
b0182,126.0
b0183,131.0
b0184,79.0
b0185,1800.0
b0186,73.0
b0187,218.0
b0188,122.0
b0189,791.0
b0190,139.0
b0191,23.0
b0192,276.0
b0193,1.0
b0194,2265.0
b0195,114.0
b0196,1180.0
b0197,10568.0
b0198,340.0
b0199,754.0
b0200,530.0
b0207,236.0
b0208,134.0
b0209,164.0
b0210,5.0
b0211,644.0
b0212,401.0
b0213,60.0
b0214,175.0
b0215,516.0
b0217,9.0
b0219,170.0
b0220,2267.0
b0221,113.0
b0222,1650.0
b0223,212.0
b0224,786.0
b0225,184.0
b0226,890.0
b0227,2.0
b0228,49.0
b0231,20.0
b0232,128.0
b0233,30.0
b0234,23.0
b0237,1694.0
b0238,2035.0
b0239,327.0
b0240,5379.0
b0241,40.0
b0242,536.0
b0243,803.0
b0245,1.0
b0246,0.0
b0247,2.0
b0248,0.0
b0249,1.0
b0250,64.0
b0251,21.0
b0252,5.0
b0253,15.0
b0254,6.0
b0260,64.0
b0261,156.0
b0262,7.0
b0267,1.0
b0268,22.0
b0269,9.0
b0270,17.0
b0271,47.0
b0272,74.0
b0273,2536.0
b0277,10.0
b0278,15.0
b0279,7.0
b0280,2224.0
b0281,293.0
b0287,2520.0
b0288,76.0
b0289,12.0
b0290,10.0
b0291,1.0
b0292,2.0
b0293,135.0
b0294,0.0
b0295,1.0
b0296,2318.0
b0301,11.0
b0303,36.0
b0304,101.0
b0305,19.0
b0306,13.0
b0307,34.0
b0308,36.0
b0310,3.0
b0311,67.0
b0312,219.0
b0313,39.0
b0314,51.0
b0315,483.0
b0316,19.0
b0317,3.0
b0318,25.0
b0319,0.0
b0320,5.0
b0321,9.0
b0323,3.0
b0324,79.0
b0325,2250.0
b0326,1.0
b0327,0.0
b0328,7.0
b0329,3826.0
b0330,10.0
b0331,0.0
b0333,1.0
b0334,1.0
b0335,0.0
b0336,1466.0
b0337,2303.0
b0338,47.0
b0339,14.0
b0340,62.0
b0341,1.0
b0342,24.0
b0343,2.0
b0344,10.0
b0345,129.0
b0346,225.0
b0347,3.0
b0348,3.0
b0349,26.0
b0350,10.0
b0351,15.0
b0352,18.0
b0353,4.0
b0354,526.0
b0355,129.0
b0356,736.0
b0357,299.0
b0358,3.0
b0363,2.0
b0364,3.0
b0365,39.0
b0366,8.0
b0367,2.0
b0368,19.0
b0369,1093.0
b0375,0.0
b0376,116.0
b0377,30.0
b0378,108.0
b0379,48.0
b0380,124.0
b0381,296.0
b0382,1040.0
b0383,190.0
b0384,454.0
b0385,5.0
b0386,1150.0
b0387,120.0
b0388,387.0
b0389,606.0
b0390,116.0
b0391,1957.0
b0393,681.0
b0394,279.0
b0396,17.0
b0397,59.0
b0398,90.0
b0399,212.0
b0400,34.0
b0401,167.0
b0402,80.0
b0403,77.0
b0404,126.0
b0405,238.0
b0406,1127.0
b0407,8494.0
b0408,437.0
b0409,462.0
b0410,428.0
b0411,3927.0
b0412,63.0
b0413,354.0
b0414,278.0
b0416,1081.0
b0417,153.0
b0418,96.0
b0419,661.0
b0420,308.0
b0421,294.0
b0422,557.0
b0423,483.0
b0424,540.0
b0425,205.0
b0426,4633.0
b0427,32.0
b0428,870.0
b0429,4458.0
b0430,2749.0
b0431,2179.0
b0432,3421.0
b0433,55.0
b0434,2277.0
b0435,2040.0
b0436,13128.0
b0437,3256.0
b0438,2475.0
b0439,1485.0
b0440,28193.0
b0441,666.0
b0442,23.0
b0443,50.0
b0444,443.0
b0446,35.0
b0447,61.0
b0448,20.0
b0449,16.0
b0450,223.0
b0451,132.0
b0452,278.0
b0453,2510.0
b0454,66.0
b0456,43.0
b0457,19.0
b0458,361.0
b0459,147.0
b0460,1656.0
b0461,49.0
b0462,0.0
b0463,1295.0
b0464,87.0
b0465,122.0
b0466,316.0
b0467,100.0
b0468,66.0
b0469,2029.0
b0471,4508.0
b0472,226.0
b0473,2421.0
b0474,7177.0
b0475,124.0
b0476,17.0
b0477,323.0
b0478,124.0
b0479,53.0
b0480,512.0
b0481,596.0
b0482,50.0
b0483,429.0
b0484,922.0
b0485,317.0
b0486,73.0
b0487,441.0
b0488,55.0
b0489,150.0
b0490,147.0
b0491,46.0
b0492,1604.0
b0493,136.0
b0494,289.0
b0495,77.0
b0496,32.0
b0497,2.0
b0498,82.0
b0504,0.0
b0505,8.0
b0506,857.0
b0507,9.0
b0508,9.0
b0509,10.0
b0511,0.0
b0512,6.0
b0513,6.0
b0514,39.0
b0515,188.0
b0516,6.0
b0517,1.0
b0518,0.0
b0520,0.0
b0521,2.0
b0522,745.0
b0523,1194.0
b0524,68.0
b0525,8773.0
b0526,870.0
b0527,4.0
b0528,1294.0
b0529,1311.0
b0530,11.0
b0531,0.0
b0532,0.0
b0533,0.0
b0534,4.0
b0535,4.0
b0537,11.0
b0543,142.0
b0544,2.0
b0545,34.0
b0546,42.0
b0547,0.0
b0548,0.0
b0549,0.0
b0550,0.0
b0554,2.0
b0556,5.0
b0557,3140.0
b0558,0.0
b0559,19.0
b0564,72.0
b0565,24644.0
b0566,9.0
b0567,38.0
b0568,19.0
b0569,1.0
b0570,28.0
b0571,109.0
b0572,5.0
b0573,44.0
b0574,6.0
b0575,3.0
b0576,99.0
b0577,91.0
b0578,2448.0
b0579,143.0
b0580,183.0
b0581,122.0
b0583,4.0
b0584,32.0
b0585,9.0
b0586,24.0
b0587,0.0
b0588,36.0
b0589,6.0
b0590,11.0
b0591,23.0
b0592,88.0
b0593,60.0
b0594,33.0
b0595,62.0
b0596,33.0
b0597,20.0
b0598,177.0
b0599,304.0
b0600,278.0
b0601,46.0
b0602,3.0
b0603,4.0
b0604,229.0
b0605,37153.0
b0606,1554.0
b0607,789.0
b0608,53.0
b0610,502.0
b0611,470.0
b0612,0.0
b0613,0.0
b0614,0.0
b0615,0.0
b0616,0.0
b0617,1.0
b0618,0.0
b0619,2.0
b0620,60.0
b0621,0.0
b0622,6.0
b0623,29309.0
b0624,223.0
b0627,1286.0
b0628,1101.0
b0629,5.0
b0630,271.0
b0631,2166.0
b0632,1180.0
b0633,726.0
b0634,103.0
b0635,76.0
b0636,177.0
b0637,796.0
b0638,24.0
b0639,100.0
b0640,82.0
b0641,522.0
b0642,2074.0
b0643,1899.0
b0644,1.0
b0645,0.0
b0646,0.0
b0647,1.0
b0648,1.0
b0649,2.0
b0650,1.0
b0651,175.0
b0652,357.0
b0653,75.0
b0654,80.0
b0655,3332.0
b0657,128.0
b0658,665.0
b0659,475.0
b0660,885.0
b0661,1211.0
b0662,329.0
b0674,1344.0
b0675,709.0
b0676,224.0
b0677,213.0
b0678,687.0
b0679,213.0
b0680,1605.0
b0681,0.0
b0683,2619.0
b0684,4019.0
b0685,155.0
b0686,330.0
b0687,866.0
b0688,1172.0
b0689,9.0
b0692,14.0
b0693,0.0
b0694,52.0
b0695,40.0
b0696,8.0
b0697,3.0
b0698,0.0
b0699,1546.0
b0700,0.0
b0702,2.0
b0704,34.0
b0707,126.0
b0708,37.0
b0709,59.0
b0710,1725.0
b0711,241.0
b0712,289.0
b0713,137.0
b0714,93.0
b0715,8.0
b0716,0.0
b0717,1.0
b0718,0.0
b0719,2.0
b0720,8529.0
b0721,3647.0
b0722,2508.0
b0723,3418.0
b0724,4015.0
b0726,2121.0
b0727,5678.0
b0728,6381.0
b0729,6409.0
b0730,93.0
b0731,1.0
b0732,12.0
b0733,615.0
b0734,445.0
b0735,99.0
b0736,244.0
b0737,392.0
b0738,221.0
b0739,133.0
b0740,2491.0
b0741,17960.0
b0742,1511.0
b0750,1359.0
b0751,532.0
b0752,85.0
b0753,781.0
b0754,6677.0
b0755,11670.0
b0756,1015.0
b0757,258.0
b0758,135.0
b0759,728.0
b0760,407.0
b0761,158.0
b0762,2118.0
b0763,462.0
b0764,27.0
b0765,31.0
b0766,453.0
b0767,2076.0
b0768,3.0
b0769,1.0
b0770,0.0
b0771,8.0
b0772,1213.0
b0773,772.0
b0774,259.0
b0775,898.0
b0776,122.0
b0777,123.0
b0778,675.0
b0779,197.0
b0780,67.0
b0781,184.0
b0782,1774.0
b0783,551.0
b0784,554.0
b0785,483.0
b0786,832.0
b0787,6.0
b0788,15.0
b0789,92.0
b0790,127.0
b0791,130.0
b0792,32.0
b0793,27.0
b0794,33.0
b0795,127.0
b0796,59.0
b0797,100.0
b0798,10.0
b0799,15.0
b0800,875.0
b0801,2062.0
b0802,488.0
b0803,81.0
b0804,28.0
b0805,54.0
b0806,128.0
b0807,215.0
b0808,25.0
b0809,700.0
b0810,314.0
b0811,3566.0
b0812,13008.0
b0813,26.0
b0814,22947.0
b0815,38.0
b0816,0.0
b0817,251.0
b0818,36.0
b0819,1558.0
b0820,477.0
b0821,292.0
b0822,363.0
b0823,7.0
b0824,0.0
b0825,86.0
b0826,107.0
b0827,496.0
b0828,257.0
b0829,219.0
b0830,574.0
b0831,93.0
b0832,109.0
b0833,66.0
b0834,72.0
b0835,718.0
b0836,10.0
b0837,60.0
b0838,2126.0
b0839,876.0
b0840,192.0
b0841,144.0
b0842,50.0
b0843,12.0
b0844,182.0
b0845,50.0
b0846,26.0
b0847,84.0
b0848,22.0
b0849,431.0
b0850,38.0
b0851,646.0
b0852,46.0
b0853,367.0
b0854,1061.0
b0855,223.0
b0856,77.0
b0857,48.0
b0858,30.0
b0859,63.0
b0860,5888.0
b0861,93.0
b0862,107.0
b0863,2088.0
b0864,461.0
b0865,2099.0
b0866,911.0
b0867,82.0
b0868,119.0
b0869,57.0
b0870,516.0
b0871,877.0
b0872,16.0
b0873,1.0
b0874,121.0
b0875,25.0
b0876,84.0
b0877,507.0
b0878,134.0
b0879,54.0
b0880,2643.0
b0881,304.0
b0882,2420.0
b0884,5683.0
b0885,111.0
b0886,136.0
b0887,158.0
b0888,2980.0
b0889,5813.0
b0890,213.0
b0891,741.0
b0892,95.0
b0893,2024.0
b0894,21.0
b0895,27.0
b0896,16.0
b0897,1483.0
b0898,60.0
b0899,2.0
b0900,27.0
b0901,117.0
b0902,527.0
b0903,5982.0
b0904,133.0
b0905,448.0
b0906,74.0
b0907,8655.0
b0908,1636.0
b0909,22.0
b0910,536.0
b0911,18934.0
b0912,12357.0
b0913,2.0
b0914,242.0
b0915,57.0
b0916,4.0
b0917,1594.0
b0918,899.0
b0919,28.0
b0920,40.0
b0921,69.0
b0922,204.0
b0923,263.0
b0924,356.0
b0925,135.0
b0926,1407.0
b0927,706.0
b0928,7192.0
b0929,71798.0
b0930,4166.0
b0931,1038.0
b0932,1248.0
b0933,12.0
b0934,2.0
b0935,20.0
b0936,7.0
b0937,12.0
b0938,19.0
b0939,0.0
b0940,1.0
b0941,16.0
b0942,8.0
b0943,11.0
b0944,5.0
b0945,1337.0
b0946,280.0
b0947,305.0
b0948,312.0
b0949,244.0
b0950,34.0
b0951,96.0
b0952,175.0
b0953,16122.0
b0954,4392.0
b0955,131.0
b0956,360.0
b0957,69396.0
b0958,373.0
b0959,30.0
b0960,45.0
b0961,303.0
b0962,165.0
b0963,1567.0
b0964,27.0
b0965,1221.0
b0966,254.0
b0967,480.0
b0968,315.0
b0969,297.0
b0970,3556.0
b0972,7.0
b0973,7.0
b0974,3.0
b0975,4.0
b0976,4.0
b0977,2.0
b0978,35.0
b0979,26.0
b0980,42.0
b0981,23.0
b0982,33.0
b0983,21.0
b0984,4.0
b0985,5.0
b0986,0.0
b0987,66.0
b0989,3.0
b0990,73.0
b0991,2.0
b0992,3.0
b0993,4.0
b0994,4.0
b0995,101.0
b0996,1.0
b0997,3.0
b0998,1.0
b0999,548.0
b1000,583.0
b1001,5.0
b1002,306.0
b1003,2670.0
b1004,5479.0
b1006,5.0
b1007,23.0
b1008,4.0
b1009,2.0
b1010,4.0
b1011,3.0
b1012,4.0
b1013,92.0
b1014,64.0
b1015,361.0
b1018,566.0
b1019,67.0
b1020,457.0
b1021,21.0
b1022,3.0
b1023,2.0
b1024,1.0
b1025,7.0
b1029,0.0
b1033,825.0
b1034,649.0
b1035,1195.0
b1036,51.0
b1037,57.0
b1038,53.0
b1039,19.0
b1040,85.0
b1041,0.0
b1042,128.0
b1043,5.0
b1044,20.0
b1045,266.0
b1046,33.0
b1048,1637.0
b1050,36.0
b1051,5249.0
b1053,8.0
b1054,168.0
b1055,1734.0
b1056,1037.0
b1057,19.0
b1058,7.0
b1059,800.0
b1060,124.0
b1061,655.0
b1062,5040.0
b1063,215.0
b1064,2912.0
b1065,5.0
b1066,306.0
b1067,641.0
b1068,122.0
b1069,78.0
b1070,38.0
b1071,151.0
b1072,9.0
b1073,21.0
b1074,17.0
b1075,23.0
b1076,45.0
b1077,11.0
b1078,31.0
b1079,7.0
b1080,8.0
b1081,3.0
b1082,11.0
b1083,39.0
b1084,1061.0
b1085,0.0
b1086,386.0
b1087,749.0
b1088,1290.0
b1089,45388.0
b1090,117.0
b1091,1564.0
b1092,3142.0
b1093,4015.0
b1094,85961.0
b1095,1598.0
b1096,75.0
b1097,70.0
b1098,189.0
b1099,77.0
b1100,281.0
b1101,3454.0
b1102,10.0
b1103,2098.0
b1104,82.0
b1105,954.0
b1106,29.0
b1107,303.0
b1108,1110.0
b1109,925.0
b1110,79.0
b1111,129.0
b1112,1039.0
b1113,125.0
b1114,353.0
b1115,0.0
b1116,140.0
b1117,337.0
b1118,124.0
b1119,131.0
b1120,572.0
b1121,4.0
b1122,2.0
b1123,3262.0
b1124,194.0
b1125,189.0
b1126,564.0
b1127,341.0
b1128,756.0
b1129,70.0
b1130,1331.0
b1131,3041.0
b1132,320.0
b1133,608.0
b1134,138.0
b1135,172.0
b1136,38899.0
b1137,12.0
b1138,26.0
b1139,151.0
b1140,10.0
b1141,13.0
b1143,745.0
b1144,68.0
b1147,13.0
b1148,15.0
b1150,3.0
b1153,0.0
b1156,7.0
b1158,2.0
b1159,47.0
b1160,1.0
b1161,12.0
b1162,208.0
b1163,41.0
b1164,292.0
b1165,43.0
b1166,182.0
b1167,26.0
b1168,3.0
b1171,329.0
b1172,124.0
b1174,1970.0
b1175,2444.0
b1176,364.0
b1177,358.0
b1178,6872.0
b1179,890.0
b1180,531.0
b1181,246.0
b1182,11.0
b1183,27.0
b1184,12.0
b1185,357.0
b1186,187.0
b1187,395.0
b1188,287.0
b1189,181.0
b1190,54.0
b1191,55.0
b1192,179.0
b1193,609.0
b1194,9.0
b1195,213.0
b1196,5.0
b1197,243.0
b1198,414.0
b1199,410.0
b1200,318.0
b1201,24.0
b1202,3.0
b1203,1907.0
b1204,403.0
b1205,241.0
b1206,34.0
b1207,3998.0
b1208,223.0
b1209,782.0
b1210,115.0
b1211,210.0
b1212,36.0
b1213,7.0
b1214,147.0
b1215,2596.0
b1216,197.0
b1217,406.0
b1218,25.0
b1219,1120.0
b1220,21.0
b1221,1224.0
b1222,47.0
b1223,6.0
b1224,14.0
b1225,16.0
b1226,9.0
b1227,22.0
b1229,0.0
b1232,2324.0
b1233,328.0
b1234,142.0
b1235,116.0
b1236,2932.0
b1237,28848.0
b1238,404.0
b1241,4687.0
b1242,10.0
b1243,6516.0
b1244,318.0
b1245,261.0
b1246,474.0
b1247,485.0
b1248,523.0
b1249,252.0
b1250,123.0
b1251,2149.0
b1252,218.0
b1253,426.0
b1254,214.0
b1255,182.0
b1256,151.0
b1257,158.0
b1258,164.0
b1259,519.0
b1260,2506.0
b1261,2331.0
b1262,840.0
b1263,719.0
b1264,1153.0
b1265,1842.0
b1266,45.0
b1267,568.0
b1268,5.0
b1269,899.0
b1270,130.0
b1271,238.0
b1272,538.0
b1273,674.0
b1274,677.0
b1275,901.0
b1276,862.0
b1277,563.0
b1278,67.0
b1279,351.0
b1280,93.0
b1281,1286.0
b1282,628.0
b1283,1573.0
b1284,304.0
b1285,89.0
b1286,2002.0
b1287,490.0
b1288,8248.0
b1289,1.0
b1290,95.0
b1291,107.0
b1292,52.0
b1293,48.0
b1294,109.0
b1295,271.0
b1296,48.0
b1297,822.0
b1298,607.0
b1299,260.0
b1300,392.0
b1301,391.0
b1302,291.0
b1303,66.0
b1304,602.0
b1305,240.0
b1306,111.0
b1307,53.0
b1308,590.0
b1309,0.0
b1310,1.0
b1311,0.0
b1312,0.0
b1313,13.0
b1314,7.0
b1315,2.0
b1316,2.0
b1317,0.0
b1319,1.0
b1320,68.0
b1321,98.0
b1322,112.0
b1323,345.0
b1324,16961.0
b1325,101.0
b1326,163.0
b1327,69.0
b1328,74.0
b1329,202.0
b1330,83.0
b1332,5636.0
b1333,941.0
b1334,2582.0
b1335,94.0
b1336,3.0
b1337,9.0
b1338,12.0
b1339,26.0
b1340,140.0
b1341,257.0
b1342,158.0
b1343,60.0
b1344,617.0
b1345,3.0
b1346,3.0
b1347,11.0
b1349,33.0
b1350,8.0
b1351,9.0
b1352,4.0
b1353,19.0
b1355,13.0
b1356,260.0
b1357,9.0
b1358,26.0
b1359,5.0
b1360,2.0
b1363,31.0
b1365,6.0
b1372,2.0
b1376,633.0
b1377,2.0
b1378,304.0
b1379,264.0
b1380,998.0
b1381,25.0
b1382,155.0
b1383,114.0
b1384,17.0
b1385,28.0
b1386,5.0
b1387,2.0
b1388,3.0
b1389,3.0
b1390,3.0
b1391,1.0
b1392,8.0
b1393,3.0
b1394,4.0
b1395,3.0
b1396,6.0
b1397,8.0
b1398,15.0
b1399,140.0
b1400,213.0
b1406,261.0
b1407,1.0
b1408,0.0
b1409,0.0
b1410,3.0
b1411,4.0
b1412,1111.0
b1413,197.0
b1414,454.0
b1415,1620.0
b1418,803.0
b1419,50.0
b1420,1.0
b1421,1.0
b1422,506.0
b1423,11.0
b1424,259.0
b1426,85.0
b1427,217.0
b1428,83.0
b1429,27.0
b1430,768.0
b1431,882.0
b1433,12.0
b1434,35.0
b1435,203.0
b1436,57.0
b1438,233.0
b1439,90.0
b1440,103.0
b1441,10.0
b1442,6.0
b1443,5.0
b1444,228.0
b1445,104.0
b1446,1943.0
b1447,29.0
b1448,345.0
b1449,462.0
b1450,56.0
b1451,69.0
b1452,1004.0
b1453,25.0
b1454,57.0
b1455,1.0
b1457,10.0
b1460,0.0
b1461,924.0
b1462,49.0
b1463,60.0
b1464,195.0
b1465,20.0
b1466,13.0
b1467,26.0
b1468,25.0
b1469,14.0
b1470,1.0
b1473,86.0
b1474,0.0
b1475,1.0
b1476,2.0
b1477,130.0
b1478,773.0
b1479,861.0
b1480,15792.0
b1481,385.0
b1482,4306.0
b1483,5.0
b1484,4.0
b1485,3.0
b1486,2.0
b1487,40.0
b1488,19.0
b1489,20.0
b1490,81.0
b1491,122.0
b1492,348.0
b1494,30.0
b1495,18.0
b1496,4.0
b1497,3.0
b1498,32.0
b1499,8.0
b1500,0.0
b1501,23.0
b1502,5.0
b1503,0.0
b1504,3.0
b1507,62.0
b1508,91.0
b1511,12.0
b1512,44.0
b1513,2.0
b1514,1.0
b1515,2.0
b1516,28.0
b1517,37.0
b1518,51.0
b1519,291.0
b1520,65.0
b1521,8.0
b1522,1.0
b1523,43.0
b1524,72.0
b1525,152.0
b1526,55.0
b1527,4.0
b1528,95.0
b1529,94.0
b1530,20.0
b1531,394.0
b1532,29.0
b1533,156.0
b1534,18.0
b1535,13.0
b1536,213.0
b1537,38.0
b1538,980.0
b1539,3017.0
b1540,186.0
b1541,260.0
b1542,15.0
b1547,0.0
b1549,4.0
b1550,3542.0
b1551,0.0
b1552,2.0
b1555,5.0
b1556,0.0
b1557,34.0
b1558,7.0
b1560,1.0
b1561,4.0
b1562,8.0
b1563,145.0
b1564,1688.0
b1565,0.0
b1566,58.0
b1569,23.0
b1570,323.0
b1571,22.0
b1572,5.0
b1573,2.0
b1575,4.0
b1576,3.0
b1578,0.0
b1580,24.0
b1581,13.0
b1582,104.0
b1583,1337.0
b1584,679.0
b1585,164.0
b1586,692.0
b1587,2.0
b1588,29.0
b1589,32.0
b1590,15.0
b1591,210.0
b1592,10.0
b1593,30.0
b1594,56.0
b1595,24.0
b1596,22.0
b1597,117.0
b1598,92.0
b1599,26.0
b1600,32.0
b1601,19.0
b1602,2712.0
b1603,6116.0
b1604,2760.0
b1605,9.0
b1606,87.0
b1607,121.0
b1608,221.0
b1609,53.0
b1610,85.0
b1611,429.0
b1612,1969.0
b1613,576.0
b1614,871.0
b1615,0.0
b1616,0.0
b1617,5.0
b1618,113.0
b1619,1152.0
b1620,30.0
b1621,12.0
b1622,124.0
b1623,265.0
b1624,468.0
b1625,186.0
b1626,168.0
b1627,143.0
b1628,103.0
b1629,157.0
b1630,104.0
b1631,162.0
b1632,152.0
b1633,188.0
b1634,24.0
b1635,1382.0
b1636,281.0
b1637,1834.0
b1638,672.0
b1639,87.0
b1640,151.0
b1641,5758.0
b1642,925.0
b1643,41.0
b1644,27.0
b1645,6.0
b1646,483.0
b1647,460.0
b1648,46.0
b1649,27.0
b1650,220.0
b1651,2525.0
b1652,204.0
b1653,16.0
b1654,8964.0
b1655,238.0
b1656,15086.0
b1657,107.0
b1658,1217.0
b1659,43.0
b1660,40.0
b1661,1715.0
b1662,2677.0
b1663,135.0
b1664,707.0
b1667,2425.0
b1668,192.0
b1669,2.0
b1670,4.0
b1671,6.0
b1672,1.0
b1673,1.0
b1674,2.0
b1675,413.0
b1676,6184.0
b1677,619492.0
b1678,561.0
b1679,117.0
b1680,122.0
b1681,152.0
b1682,226.0
b1683,143.0
b1684,359.0
b1685,2849.0
b1686,755.0
b1687,897.0
b1688,137.0
b1689,4.0
b1690,0.0
b1691,0.0
b1692,8.0
b1693,463.0
b1694,8.0
b1695,20.0
b1696,55.0
b1697,9.0
b1698,18.0
b1699,4.0
b1700,9.0
b1701,4.0
b1702,1434.0
b1703,384.0
b1704,696.0
b1705,65.0
b1706,153.0
b1707,17.0
b1708,371.0
b1709,92.0
b1710,998.0
b1711,29.0
b1712,5115.0
b1713,2097.0
b1714,1594.0
b1715,148.0
b1716,22225.0
b1717,30428.0
b1718,5470.0
b1719,2984.0
b1722,170.0
b1723,1152.0
b1724,990.0
b1725,185.0
b1726,149.0
b1727,525.0
b1728,7.0
b1729,2257.0
b1730,4.0
b1731,139.0
b1732,1967.0
b1733,36.0
b1734,10.0
b1735,27.0
b1736,41.0
b1737,3.0
b1738,158.0
b1739,10048.0
b1740,2198.0
b1741,53.0
b1742,1.0
b1743,316.0
b1744,10.0
b1745,9.0
b1746,20.0
b1747,9.0
b1748,94.0
b1749,1111.0
b1750,3.0
b1751,23.0
b1752,10.0
b1753,37.0
b1754,76.0
b1755,4.0
b1756,19.0
b1757,97.0
b1758,42.0
b1759,107.0
b1760,45.0
b1761,5645.0
b1762,7.0
b1763,100.0
b1764,881.0
b1765,1300.0
b1766,170.0
b1767,435.0
b1768,391.0
b1769,1.0
b1770,108.0
b1771,16.0
b1772,5.0
b1773,17.0
b1774,10.0
b1775,0.0
b1776,10.0
b1777,2258.0
b1778,2643.0
b1779,59076.0
b1780,1683.0
b1781,93.0
b1782,5738.0
b1783,1047.0
b1784,148.0
b1785,1.0
b1786,24.0
b1787,565.0
b1788,24.0
b1789,39.0
b1790,34.0
b1791,11.0
b1792,485.0
b1793,261.0
b1794,158.0
b1795,6474.0
b1796,36.0
b1797,48.0
b1798,14.0
b1799,62.0
b1800,49.0
b1801,0.0
b1802,3.0
b1803,8.0
b1804,89.0
b1805,114.0
b1806,168.0
b1807,304.0
b1808,31.0
b1809,3408.0
b1810,486.0
b1811,589.0
b1812,124.0
b1813,143.0
b1814,121.0
b1816,117.0
b1817,2117.0
b1818,222.0
b1819,1997.0
b1820,82.0
b1821,30.0
b1823,50154.0
b1824,805.0
b1825,507.0
b1826,215.0
b1827,649.0
b1828,4.0
b1829,824.0
b1830,718.0
b1831,2396.0
b1832,1498.0
b1833,35.0
b1834,77.0
b1835,85.0
b1836,2582.0
b1837,88.0
b1838,13.0
b1839,1025.0
b1840,63.0
b1841,1425.0
b1842,903.0
b1843,60.0
b1844,223.0
b1845,142.0
b1846,85.0
b1847,3848.0
b1848,748.0
b1849,1987.0
b1850,3295.0
b1851,80.0
b1852,1928.0
b1853,135.0
b1854,1611.0
b1855,315.0
b1856,379.0
b1857,25238.0
b1858,468.0
b1859,301.0
b1860,196.0
b1861,249.0
b1862,1.0
b1863,61.0
b1864,2970.0
b1865,72.0
b1866,1908.0
b1867,291.0
b1868,37.0
b1869,144.0
b1870,317.0
b1872,10.0
b1873,1.0
b1874,194.0
b1875,210.0
b1876,955.0
b1877,5.0
b1878,2.0
b1879,2.0
b1880,1.0
b1881,37.0
b1882,46.0
b1883,1.0
b1884,1.0
b1885,2.0
b1886,2.0
b1887,48.0
b1888,13.0
b1889,1.0
b1890,2.0
b1891,72.0
b1892,122.0
b1895,102.0
b1896,685.0
b1897,201.0
b1900,7.0
b1901,9.0
b1902,170.0
b1904,5.0
b1905,2719.0
b1906,42.0
b1907,71.0
b1908,379.0
b1912,396.0
b1913,156.0
b1914,412.0
b1915,868.0
b1916,87.0
b1917,440.0
b1918,288.0
b1919,795.0
b1920,7219.0
b1921,17.0
b1922,9.0
b1923,157.0
b1924,6.0
b1925,22.0
b1926,5.0
b1927,398.0
b1928,1276.0
b1929,392.0
b1930,735.0
b1931,34.0
b1932,217.0
b1937,14.0
b1938,1.0
b1939,2.0
b1940,2.0
b1941,1.0
b1942,1.0
b1943,5.0
b1944,8.0
b1945,7.0
b1946,12.0
b1947,1.0
b1948,1.0
b1949,1.0
b1950,2.0
b1951,74.0
b1952,714.0
b1953,424.0
b1955,227.0
b1956,42.0
b1957,268.0
b1958,161.0
b1959,4.0
b1960,39.0
b1961,162.0
b1962,85.0
b1963,191.0
b1967,1879.0
b1968,43.0
b1969,80.0
b1971,85.0
b1972,27.0
b1973,20357.0
b1974,75.0
b1976,230.0
b1978,5.0
b1981,163.0
b1982,1104.0
b1983,1618.0
b1985,13.0
b1987,372.0
b1988,130.0
b1990,183.0
b1991,109.0
b1992,149.0
b1993,52.0
b2000,123.0
b2001,3.0
b2002,0.0
b2003,1.0
b2004,0.0
b2005,2.0
b2007,6787.0
b2008,24.0
b2009,226.0
b2010,6.0
b2011,159.0
b2012,2008.0
b2013,290.0
b2014,1081.0
b2015,12.0
b2016,600.0
b2017,722.0
b2018,640.0
b2019,2567.0
b2020,1353.0
b2021,1453.0
b2022,1721.0
b2023,1212.0
b2024,739.0
b2025,989.0
b2026,2042.0
b2027,1434.0
b2028,49.0
b2029,9767.0
b2032,380.0
b2033,367.0
b2034,1045.0
b2035,109.0
b2036,1796.0
b2037,192.0
b2039,1372.0
b2040,821.0
b2041,1257.0
b2042,2808.0
b2043,7.0
b2044,5.0
b2045,10.0
b2046,0.0
b2047,1.0
b2048,8.0
b2049,4.0
b2050,0.0
b2051,2.0
b2052,4.0
b2053,17.0
b2054,1.0
b2055,2.0
b2056,0.0
b2057,1.0
b2058,1.0
b2059,3.0
b2060,1.0
b2061,1.0
b2062,2.0
b2063,59.0
b2064,75.0
b2065,819.0
b2066,468.0
b2067,26.0
b2068,37.0
b2069,70.0
b2070,2.0
b2071,9.0
b2072,0.0
b2073,1.0
b2074,40.0
b2075,20.0
b2076,11.0
b2077,7.0
b2078,23.0
b2079,226.0
b2080,1974.0
b2081,620.0
b2082,323.0
b2085,51.0
b2086,170.0
b2091,2360.0
b2092,3222.0
b2093,2860.0
b2094,3865.0
b2095,6372.0
b2096,9086.0
b2097,2753.0
b2098,7.0
b2099,34.0
b2100,12.0
b2101,92.0
b2102,4.0
b2103,754.0
b2104,978.0
b2105,700.0
b2106,360.0
b2107,504.0
b2108,2.0
b2109,1.0
b2110,0.0
b2111,11.0
b2112,633.0
b2113,1391.0
b2114,1864.0
b2118,3.0
b2119,1.0
b2120,0.0
b2121,1.0
b2123,12.0
b2124,136.0
b2125,52.0
b2126,18.0
b2127,49.0
b2128,33.0
b2129,65.0
b2130,28.0
b2131,410.0
b2132,227.0
b2133,1068.0
b2134,242.0
b2135,49.0
b2136,60.0
b2137,100.0
b2140,25.0
b2141,25.0
b2142,24.0
b2143,287.0
b2144,52.0
b2145,103.0
b2146,14.0
b2147,14.0
b2148,57.0
b2149,83.0
b2150,448.0
b2151,8.0
b2152,50.0
b2153,9024.0
b2154,987.0
b2155,79.0
b2156,938.0
b2157,111.0
b2158,46.0
b2159,436.0
b2160,20.0
b2161,1.0
b2162,1.0
b2163,6.0
b2167,179.0
b2168,155.0
b2169,495.0
b2170,2.0
b2171,1752.0
b2172,48.0
b2173,149.0
b2174,84.0
b2176,41.0
b2177,59.0
b2178,20.0
b2179,26.0
b2180,31.0
b2181,834.0
b2182,78.0
b2183,754.0
b2184,43.0
b2185,19540.0
b2186,578.0
b2187,1749.0
b2188,106.0
b2193,356.0
b2194,34.0
b2195,27.0
b2196,14.0
b2197,58.0
b2198,76.0
b2199,65.0
b2200,12.0
b2201,23.0
b2202,18.0
b2203,56.0
b2204,6.0
b2205,8.0
b2206,57.0
b2207,8.0
b2208,3.0
b2209,182.0
b2210,287.0
b2211,84.0
b2212,17.0
b2213,15.0
b2214,17.0
b2215,52929.0
b2216,179.0
b2217,2820.0
b2218,70.0
b2219,3.0
b2220,32.0
b2221,0.0
b2222,0.0
b2223,0.0
b2224,3.0
b2225,2.0
b2226,0.0
b2229,0.0
b2230,1.0
b2231,1407.0
b2232,882.0
b2233,3.0
b2234,904.0
b2235,954.0
b2236,89.0
b2237,234.0
b2239,31.0
b2240,2.0
b2241,0.0
b2242,0.0
b2243,5.0
b2244,86.0
b2249,182.0
b2250,269.0
b2251,68.0
b2252,176.0
b2253,389.0
b2254,248.0
b2255,317.0
b2256,39.0
b2257,14.0
b2258,18.0
b2259,147.0
b2260,38.0
b2261,147.0
b2262,1235.0
b2263,14.0
b2264,44.0
b2265,67.0
b2266,11477.0
b2267,425.0
b2268,153.0
b2269,11.0
b2270,3.0
b2271,1.0
b2272,11.0
b2273,3.0
b2274,10.0
b2275,8.0
b2276,682.0
b2277,576.0
b2278,510.0
b2279,592.0
b2280,529.0
b2281,926.0
b2282,626.0
b2283,1173.0
b2284,1034.0
b2285,1650.0
b2286,1164.0
b2287,1617.0
b2289,174.0
b2290,533.0
b2291,252.0
b2292,13.0
b2293,289.0
b2294,2226.0
b2295,489.0
b2296,1197.0
b2297,1157.0
b2298,0.0
b2299,1385.0
b2300,664.0
b2301,253.0
b2302,216.0
b2303,2140.0
b2304,287.0
b2305,31.0
b2306,348.0
b2307,142.0
b2308,154.0
b2309,5085.0
b2310,2939.0
b2311,124.0
b2312,2061.0
b2313,106.0
b2314,204.0
b2315,342.0
b2316,2475.0
b2317,214.0
b2318,120.0
b2319,578.0
b2320,733.0
b2321,81.0
b2322,21.0
b2323,3376.0
b2324,52.0
b2325,946.0
b2326,116.0
b2327,84.0
b2328,273.0
b2329,819.0
b2330,939.0
b2331,236.0
b2332,79.0
b2333,3.0
b2334,3.0
b2335,1.0
b2336,1.0
b2339,0.0
b2340,599.0
b2341,37.0
b2342,39.0
b2343,1233.0
b2344,416.0
b2345,15.0
b2346,770.0
b2347,129.0
b2349,111.0
b2354,20.0
b2357,0.0
b2359,9.0
b2360,46.0
b2361,0.0
b2362,3.0
b2363,1.0
b2365,2.0
b2366,131.0
b2367,2.0
b2368,3.0
b2369,420.0
b2370,69.0
b2371,6.0
b2372,2.0
b2373,8.0
b2374,21.0
b2375,33.0
b2376,3.0
b2377,101.0
b2378,6.0
b2379,361.0
b2380,13.0
b2381,103.0
b2382,14.0
b2383,4.0
b2384,3.0
b2385,1.0
b2386,0.0
b2387,1.0
b2388,544.0
b2389,20.0
b2390,157.0
b2392,58.0
b2393,484.0
b2395,34.0
b2398,38.0
b2399,77.0
b2400,2554.0
b2405,18.0
b2406,1.0
b2407,4.0
b2408,2.0
b2409,28.0
b2410,105.0
b2411,292.0
b2412,501.0
b2413,189.0
b2414,24492.0
b2415,23646.0
b2416,5491.0
b2417,14155.0
b2418,629.0
b2419,22.0
b2420,13.0
b2421,1411.0
b2422,2214.0
b2423,308.0
b2424,419.0
b2425,2281.0
b2426,114.0
b2427,34.0
b2428,76.0
b2429,6.0
b2430,15.0
b2431,720.0
b2432,257.0
b2433,59.0
b2434,233.0
b2435,290.0
b2436,85.0
b2437,22.0
b2438,40.0
b2439,145.0
b2440,76.0
b2441,101.0
b2442,44.0
b2443,56.0
b2444,0.0
b2445,9.0
b2446,41.0
b2447,40.0
b2448,6.0
b2449,171.0
b2450,356.0
b2451,2.0
b2452,2.0
b2453,2.0
b2454,0.0
b2455,2.0
b2456,0.0
b2457,73.0
b2458,2.0
b2459,1.0
b2460,7.0
b2461,0.0
b2462,0.0
b2463,1019.0
b2464,1399.0
b2465,1215.0
b2466,18.0
b2467,215.0
b2468,4.0
b2469,12.0
b2470,10.0
b2471,559.0
b2472,263.0
b2473,207.0
b2474,29.0
b2475,306.0
b2476,6708.0
b2477,1103.0
b2478,2172.0
b2479,579.0
b2480,5115.0
b2481,0.0
b2482,0.0
b2483,0.0
b2484,0.0
b2485,1.0
b2486,1.0
b2487,4.0
b2488,9.0
b2489,6.0
b2490,4.0
b2491,0.0
b2492,2.0
b2493,91.0
b2494,228.0
b2495,2194.0
b2496,99.0
b2497,1223.0
b2498,9464.0
b2499,2891.0
b2500,426.0
b2501,244.0
b2502,250.0
b2503,1.0
b2504,882.0
b2505,7.0
b2506,11.0
b2507,3901.0
b2508,5538.0
b2509,267.0
b2510,459.0
b2511,625.0
b2512,1064.0
b2513,905.0
b2514,1118.0
b2515,675.0
b2516,576.0
b2517,544.0
b2518,9782.0
b2519,11.0
b2520,93.0
b2521,517.0
b2522,366.0
b2523,1370.0
b2524,1140.0
b2525,1374.0
b2526,542.0
b2527,416.0
b2528,1974.0
b2529,7019.0
b2530,5500.0
b2531,3324.0
b2532,502.0
b2533,1591.0
b2534,0.0
b2535,32.0
b2536,20.0
b2537,61.0
b2538,10.0
b2539,6.0
b2540,14.0
b2541,11.0
b2542,27.0
b2543,471.0
b2544,12.0
b2545,39.0
b2546,2.0
b2547,0.0
b2548,4.0
b2549,2.0
b2550,25.0
b2551,22684.0
b2552,289.0
b2553,2073.0
b2554,60.0
b2555,70.0
b2556,23.0
b2557,1417.0
b2558,22.0
b2559,106.0
b2560,127.0
b2561,95.0
b2562,209.0
b2563,142.0
b2564,1057.0
b2565,34.0
b2566,610.0
b2567,676.0
b2568,338.0
b2569,987.0
b2570,119.0
b2571,291.0
b2572,1576.0
b2573,212.0
b2574,363.0
b2575,82.0
b2576,559.0
b2577,31.0
b2578,9.0
b2579,2863.0
b2580,439.0
b2581,1001.0
b2582,569.0
b2583,54.0
b2584,33.0
b2585,535.0
b2586,16.0
b2587,3937.0
b2592,1421.0
b2593,176.0
b2594,716.0
b2595,2233.0
b2597,5010.0
b2598,309.0
b2599,862.0
b2600,561.0
b2601,1305.0
b2602,46.0
b2603,24.0
b2604,25.0
b2605,238.0
b2606,26080.0
b2607,318.0
b2608,994.0
b2609,25778.0
b2610,754.0
b2611,161.0
b2614,4731.0
b2615,173.0
b2616,131.0
b2617,1917.0
b2618,273.0
b2619,437.0
b2620,1537.0
b2622,232.0
b2623,58.0
b2624,28.0
b2625,6.0
b2626,5.0
b2627,64.0
b2628,34.0
b2629,2.0
b2630,132.0
b2631,110.0
b2632,6.0
b2633,17.0
b2634,0.0
b2635,2.0
b2636,10.0
b2637,16.0
b2642,51.0
b2643,0.0
b2644,1.0
b2645,2.0
b2646,10.0
b2647,4.0
b2659,111.0
b2660,24.0
b2661,465.0
b2662,369.0
b2663,43.0
b2664,37.0
b2665,3709.0
b2666,1439.0
b2667,32.0
b2668,129.0
b2669,7682.0
b2670,4.0
b2671,246.0
b2672,4734.0
b2673,402.0
b2674,20.0
b2675,30.0
b2676,42.0
b2677,232.0
b2678,146.0
b2679,370.0
b2682,132.0
b2683,94.0
b2684,2625.0
b2685,229.0
b2686,40.0
b2687,9292.0
b2688,502.0
b2689,18.0
b2690,217.0
b2696,7647.0
b2697,1795.0
b2698,17.0
b2699,2926.0
b2700,404.0
b2701,274.0
b2703,9.0
b2704,28.0
b2705,48.0
b2706,11.0
b2707,77.0
b2708,187.0
b2709,36.0
b2710,4.0
b2711,3.0
b2712,14.0
b2713,1.0
b2714,103.0
b2715,1.0
b2716,21.0
b2717,91.0
b2718,18.0
b2719,8.0
b2720,7.0
b2721,6.0
b2722,1.0
b2723,1.0
b2724,1.0
b2725,1.0
b2726,3.0
b2727,54.0
b2728,19.0
b2729,24.0
b2730,38.0
b2731,25.0
b2732,30.0
b2733,150.0
b2734,6.0
b2735,87.0
b2736,6.0
b2737,2.0
b2738,2.0
b2739,25.0
b2740,2.0
b2741,10222.0
b2742,695.0
b2743,167.0
b2744,134.0
b2745,273.0
b2746,445.0
b2747,123.0
b2749,51.0
b2750,957.0
b2751,3066.0
b2752,4115.0
b2753,34.0
b2754,13.0
b2755,13.0
b2756,20.0
b2757,8.0
b2758,26.0
b2759,15.0
b2760,6.0
b2761,2.0
b2762,1579.0
b2763,2569.0
b2764,2057.0
b2765,360.0
b2766,1.0
b2767,5.0
b2768,8.0
b2769,4.0
b2770,5.0
b2771,0.0
b2774,1.0
b2775,0.0
b2776,7.0
b2777,215.0
b2778,2.0
b2779,21234.0
b2780,1874.0
b2781,168.0
b2782,123.0
b2783,229.0
b2784,213.0
b2785,138.0
b2786,56.0
b2787,58.0
b2788,2.0
b2789,0.0
b2790,477.0
b2791,57.0
b2792,192.0
b2793,268.0
b2794,318.0
b2795,387.0
b2796,149.0
b2797,80.0
b2798,58.0
b2799,24.0
b2800,6.0
b2801,0.0
b2802,26.0
b2803,9.0
b2804,723.0
b2805,97.0
b2806,333.0
b2807,276.0
b2808,117.0
b2809,1606.0
b2810,72.0
b2811,181.0
b2812,193.0
b2813,286.0
b2817,68.0
b2818,1129.0
b2819,46.0
b2820,36.0
b2821,140.0
b2822,41.0
b2823,12.0
b2824,1.0
b2825,2.0
b2826,1.0
b2827,651.0
b2828,279.0
b2830,233.0
b2831,37.0
b2832,74.0
b2833,632.0
b2834,872.0
b2835,41.0
b2836,80.0
b2837,96.0
b2838,726.0
b2839,28.0
b2840,207.0
b2841,11.0
b2842,68.0
b2843,22.0
b2844,116.0
b2845,8.0
b2846,5.0
b2847,10.0
b2848,5.0
b2849,1.0
b2851,1.0
b2852,0.0
b2853,5.0
b2865,125.0
b2866,8.0
b2867,15.0
b2868,22.0
b2869,7.0
b2870,0.0
b2871,1.0
b2872,12.0
b2873,2.0
b2874,11.0
b2875,9.0
b2876,0.0
b2877,25.0
b2878,0.0
b2879,0.0
b2880,8.0
b2881,8.0
b2882,3.0
b2883,37.0
b2886,7.0
b2887,1.0
b2888,0.0
b2889,96.0
b2890,2858.0
b2891,1732.0
b2892,118.0
b2893,706.0
b2894,73.0
b2895,559.0
b2896,59.0
b2897,974.0
b2898,1708.0
b2899,40.0
b2900,806.0
b2901,916.0
b2902,37.0
b2903,836.0
b2904,4002.0
b2905,941.0
b2906,210.0
b2907,132.0
b2908,870.0
b2909,878.0
b2910,738.0
b2912,41.0
b2913,19405.0
b2914,2819.0
b2916,624.0
b2917,1.0
b2918,0.0
b2919,23.0
b2920,1.0
b2921,12.0
b2922,1776.0
b2923,88.0
b2924,2927.0
b2925,13978.0
b2926,12205.0
b2927,266.0
b2928,40.0
b2929,34.0
b2930,2.0
b2933,0.0
b2934,2.0
b2935,4690.0
b2936,461.0
b2937,1122.0
b2938,1823.0
b2939,555.0
b2940,0.0
b2942,7214.0
b2943,194.0
b2944,42.0
b2945,7.0
b2946,251.0
b2947,1288.0
b2948,442.0
b2949,130.0
b2950,10.0
b2951,374.0
b2952,383.0
b2953,116.0
b2954,448.0
b2955,99.0
b2956,1.0
b2957,27.0
b2958,319.0
b2959,2486.0
b2960,627.0
b2961,93.0
b2962,2665.0
b2963,148.0
b2964,49.0
b2965,249.0
b2966,17.0
b2968,7.0
b2971,104.0
b2972,10.0
b2975,17.0
b2976,338.0
b2977,278.0
b2979,11.0
b2980,126.0
b2983,0.0
b2984,0.0
b2985,2.0
b2986,0.0
b2987,1.0
b2988,558.0
b2989,1043.0
b2990,74.0
b2991,9.0
b2992,23.0
b2993,26.0
b2994,40.0
b2995,5.0
b2996,10.0
b2997,15.0
b2998,33.0
b3002,585.0
b3003,386.0
b3005,298.0
b3006,777.0
b3008,1256.0
b3009,123.0
b3010,70.0
b3011,309.0
b3012,600.0
b3013,4.0
b3014,8.0
b3017,196.0
b3018,174.0
b3019,320.0
b3020,58.0
b3021,319.0
b3022,47.0
b3023,23.0
b3024,2776.0
b3025,74.0
b3026,29.0
b3027,0.0
b3028,850.0
b3029,2417.0
b3030,381.0
b3031,106.0
b3032,153.0
b3033,129.0
b3034,223.0
b3035,3141.0
b3037,1348.0
b3038,359.0
b3039,22.0
b3040,217.0
b3041,916.0
b3042,2423.0
b3043,21.0
b3047,4.0
b3048,4.0
b3049,1445.0
b3050,2.0
b3051,2.0
b3052,646.0
b3053,153.0
b3054,370.0
b3055,488.0
b3056,122.0
b3057,224.0
b3058,161.0
b3060,2.0
b3061,0.0
b3062,1.0
b3063,0.0
b3064,493.0
b3065,39044.0
b3066,98.0
b3067,2284.0
b3068,517.0
b3070,307.0
b3071,358.0
b3072,6.0
b3074,14.0
b3075,67.0
b3076,1.0
b3077,5.0
b3078,0.0
b3079,0.0
b3080,1.0
b3081,21.0
b3082,128.0
b3083,10.0
b3084,118.0
b3085,65.0
b3086,1.0
b3087,189.0
b3088,27.0
b3089,586.0
b3090,15.0
b3091,20.0
b3092,102.0
b3093,4.0
b3094,289.0
b3095,209.0
b3096,164.0
b3097,557.0
b3098,10886.0
b3099,691.0
b3100,331.0
b3101,20.0
b3102,195.0
b3103,846.0
b3104,10.0
b3105,216.0
b3106,30.0
b3107,318.0
b3110,1.0
b3113,24.0
b3114,15.0
b3115,8.0
b3116,25.0
b3117,1.0
b3118,1.0
b3119,0.0
b3120,0.0
b3121,1.0
b3124,19.0
b3125,83.0
b3126,10.0
b3127,0.0
b3128,15.0
b3129,348.0
b3130,90.0
b3131,187.0
b3132,5.0
b3133,20.0
b3136,3.0
b3137,2.0
b3138,6.0
b3139,0.0
b3140,2.0
b3141,3.0
b3142,13.0
b3143,1.0
b3144,1.0
b3145,6.0
b3146,226.0
b3147,250.0
b3148,20.0
b3149,239.0
b3150,692.0
b3151,176.0
b3152,129.0
b3153,283.0
b3154,48.0
b3155,20.0
b3156,402.0
b3157,313.0
b3158,3.0
b3159,4.0
b3160,411.0
b3161,43.0
b3162,858.0
b3163,208.0
b3164,3545.0
b3165,25378.0
b3166,214.0
b3167,1133.0
b3168,2855.0
b3169,2195.0
b3170,1220.0
b3172,8231.0
b3173,1.0
b3175,2964.0
b3176,1268.0
b3177,345.0
b3178,1124.0
b3179,325.0
b3180,2765.0
b3181,1510.0
b3182,133.0
b3183,522.0
b3184,23.0
b3185,25031.0
b3186,20068.0
b3187,593.0
b3188,43.0
b3189,887.0
b3190,1705.0
b3191,326.0
b3192,1923.0
b3193,478.0
b3194,149.0
b3195,277.0
b3196,24.0
b3197,470.0
b3198,313.0
b3199,199.0
b3200,853.0
b3201,631.0
b3202,316.0
b3203,2917.0
b3205,587.0
b3206,195.0
b3207,208.0
b3208,22.0
b3209,894.0
b3210,97.0
b3211,1.0
b3212,6013.0
b3213,6079.0
b3214,623.0
b3215,14.0
b3216,3.0
b3219,39.0
b3220,5.0
b3221,136.0
b3222,14.0
b3223,39.0
b3224,2.0
b3225,59.0
b3226,273.0
b3227,0.0
b3228,553.0
b3229,2668.0
b3230,22455.0
b3231,22804.0
b3232,214.0
b3233,1546.0
b3234,482.0
b3235,133.0
b3236,16149.0
b3237,1003.0
b3238,314.0
b3239,184.0
b3240,2.0
b3241,5.0
b3242,5.0
b3243,79.0
b3244,438.0
b3247,370.0
b3248,184.0
b3249,71.0
b3250,176.0
b3251,2393.0
b3252,33.0
b3253,602.0
b3255,5637.0
b3256,1951.0
b3257,56.0
b3258,29.0
b3259,384.0
b3260,110.0
b3261,7711.0
b3262,2.0
b3263,134.0
b3264,1.0
b3266,1.0
b3267,77.0
b3269,1.0
b3270,1.0
b3271,21.0
b3279,804.0
b3280,157.0
b3281,224.0
b3282,378.0
b3283,169.0
b3284,230.0
b3287,673.0
b3288,435.0
b3289,211.0
b3290,153.0
b3291,2481.0
b3292,296.0
b3293,53.0
b3294,23606.0
b3295,8447.0
b3296,25885.0
b3297,19238.0
b3298,19239.0
b3299,15771.0
b3300,1778.0
b3301,16851.0
b3302,18522.0
b3303,16467.0
b3304,18122.0
b3305,16781.0
b3306,13620.0
b3307,22095.0
b3308,19113.0
b3309,17387.0
b3310,18836.0
b3311,22711.0
b3312,13870.0
b3313,20173.0
b3314,19343.0
b3315,19514.0
b3316,19074.0
b3317,17791.0
b3318,17428.0
b3319,18688.0
b3320,19167.0
b3321,18951.0
b3322,5.0
b3323,1.0
b3324,7.0
b3325,5.0
b3326,2.0
b3327,2.0
b3328,2.0
b3329,0.0
b3330,0.0
b3331,0.0
b3332,0.0
b3333,1.0
b3334,6.0
b3335,1.0
b3336,4062.0
b3337,227.0
b3338,30.0
b3340,15930.0
b3341,29110.0
b3342,31150.0
b3343,138.0
b3344,132.0
b3345,137.0
b3346,476.0
b3347,3102.0
b3348,694.0
b3349,7302.0
b3350,26.0
b3351,66.0
b3352,235.0
b3353,73.0
b3354,395.0
b3355,218.0
b3356,1283.0
b3357,3903.0
b3358,41.0
b3359,2537.0
b3360,80.0
b3361,173.0
b3362,459.0
b3363,1179.0
b3364,95.0
b3365,17.0
b3366,17.0
b3367,34.0
b3368,132.0
b3369,14.0
b3370,0.0
b3371,12.0
b3374,3.0
b3375,129.0
b3376,2.0
b3377,1.0
b3378,8.0
b3379,2.0
b3380,0.0
b3381,0.0
b3382,18.0
b3383,35.0
b3384,2698.0
b3385,432.0
b3386,1654.0
b3387,128.0
b3388,826.0
b3389,444.0
b3390,2458.0
b3391,2.0
b3392,1.0
b3393,1.0
b3394,4.0
b3395,12.0
b3396,116.0
b3397,428.0
b3398,78.0
b3399,176.0
b3400,174.0
b3401,952.0
b3402,15.0
b3403,639.0
b3404,43.0
b3405,865.0
b3406,149.0
b3407,825.0
b3408,181.0
b3409,168.0
b3410,50.0
b3411,20.0
b3412,158.0
b3413,2.0
b3414,4329.0
b3415,58.0
b3416,220.0
b3417,744.0
b3418,299.0
b3421,45.0
b3422,6.0
b3423,295.0
b3424,138.0
b3425,330.0
b3426,45.0
b3428,427.0
b3429,622.0
b3430,910.0
b3431,180.0
b3432,448.0
b3433,10592.0
b3434,72.0
b3437,49.0
b3438,158.0
b3439,251.0
b3440,634.0
b3441,113.0
b3442,0.0
b3446,15.0
b3447,360.0
b3448,316.0
b3449,256.0
b3450,125.0
b3451,34.0
b3452,27.0
b3453,317.0
b3454,1162.0
b3455,819.0
b3456,527.0
b3457,708.0
b3458,3960.0
b3459,130.0
b3460,22347.0
b3461,1154.0
b3462,244.0
b3463,320.0
b3464,519.0
b3465,178.0
b3466,127.0
b3467,172.0
b3468,195.0
b3469,16.0
b3470,287.0
b3471,116.0
b3472,1413.0
b3473,26.0
b3474,26.0
b3475,125.0
b3476,10.0
b3477,3.0
b3478,1.0
b3479,4.0
b3480,5.0
b3481,401.0
b3482,0.0
b3483,2.0
b3485,97.0
b3486,147.0
b3487,265.0
b3488,7.0
b3491,27.0
b3492,92.0
b3493,422.0
b3494,402.0
b3495,17441.0
b3496,41.0
b3497,75.0
b3498,908.0
b3499,247.0
b3500,1055.0
b3501,24.0
b3502,8.0
b3503,116.0
b3506,1270.0
b3507,32.0
b3508,30.0
b3509,5467.0
b3510,19005.0
b3511,1108.0
b3512,552.0
b3513,95.0
b3514,33.0
b3515,246.0
b3516,284.0
b3518,4.0
b3519,238.0
b3520,44.0
b3521,29.0
b3522,155.0
b3523,2380.0
b3524,62.0
b3525,2.0
b3526,351.0
b3527,152.0
b3528,107.0
b3529,55.0
b3530,17.0
b3531,15.0
b3532,33.0
b3533,3.0
b3535,243.0
b3536,230.0
b3537,183.0
b3538,129.0
b3539,26.0
b3540,413.0
b3541,367.0
b3542,231.0
b3543,270.0
b3544,5339.0
b3546,26.0
b3547,1.0
b3548,137.0
b3550,18.0
b3551,172.0
b3552,215.0
b3553,1988.0
b3554,1151.0
b3555,2581.0
b3556,2012.0
b3557,5.0
b3558,5.0
b3559,1945.0
b3560,1790.0
b3561,15.0
b3562,1.0
b3563,2.0
b3564,61.0
b3565,13.0
b3566,6.0
b3567,1.0
b3568,4.0
b3569,47.0
b3570,555.0
b3571,19.0
b3572,849.0
b3573,15.0
b3574,206.0
b3575,2.0
b3576,1.0
b3577,0.0
b3578,0.0
b3579,1.0
b3580,1.0
b3581,19.0
b3582,10.0
b3583,14.0
b3584,7.0
b3585,21.0
b3586,1.0
b3587,2.0
b3588,76.0
b3589,0.0
b3590,338.0
b3591,199.0
b3592,386.0
b3593,0.0
b3594,73.0
b3596,5.0
b3597,13.0
b3598,17.0
b3599,197.0
b3600,503.0
b3601,99.0
b3602,1131.0
b3603,33.0
b3604,26.0
b3605,316.0
b3606,145.0
b3607,524.0
b3608,355.0
b3609,5193.0
b3610,2978.0
b3611,1241.0
b3612,2600.0
b3613,106.0
b3614,101.0
b3615,31.0
b3616,263.0
b3617,97.0
b3618,160.0
b3619,2094.0
b3620,184.0
b3621,113.0
b3622,236.0
b3623,99.0
b3624,65.0
b3625,113.0
b3626,97.0
b3627,75.0
b3629,76.0
b3630,77.0
b3631,95.0
b3632,95.0
b3633,144.0
b3634,323.0
b3635,86.0
b3636,29757.0
b3637,33382.0
b3638,4.0
b3639,285.0
b3640,1435.0
b3641,568.0
b3642,119.0
b3643,1017.0
b3644,884.0
b3645,32.0
b3646,7.0
b3647,2.0
b3648,524.0
b3649,7159.0
b3650,158.0
b3651,189.0
b3652,56.0
b3653,108.0
b3654,432.0
b3655,125.0
b3656,8.0
b3657,1.0
b3659,1.0
b3660,99.0
b3661,2248.0
b3662,37.0
b3663,36.0
b3664,0.0
b3665,46.0
b3666,4.0
b3667,14.0
b3668,14.0
b3669,156.0
b3670,1617.0
b3671,1990.0
b3672,1526.0
b3673,0.0
b3674,11.0
b3675,19.0
b3676,60.0
b3677,22.0
b3678,5.0
b3679,0.0
b3680,16.0
b3684,2.0
b3685,45.0
b3686,138.0
b3687,666.0
b3688,440.0
b3689,144.0
b3690,2.0
b3691,0.0
b3693,7.0
b3696,9.0
b3697,602.0
b3698,315.0
b3699,1276.0
b3700,41.0
b3701,529.0
b3702,290.0
b3703,28497.0
b3704,363.0
b3705,1094.0
b3706,247.0
b3707,55.0
b3708,16.0
b3709,0.0
b3710,10.0
b3711,25.0
b3712,36.0
b3713,780.0
b3714,576.0
b3715,80.0
b3716,7.0
b3717,23.0
b3718,17.0
b3719,7.0
b3720,1.0
b3721,3.0
b3722,0.0
b3723,0.0
b3724,797.0
b3725,955.0
b3726,195.0
b3727,163.0
b3728,2121.0
b3729,2254.0
b3730,795.0
b3731,3640.0
b3732,8213.0
b3733,3131.0
b3734,9565.0
b3735,2677.0
b3736,4477.0
b3737,23624.0
b3738,3471.0
b3739,67.0
b3740,268.0
b3741,500.0
b3742,953.0
b3743,156.0
b3744,794.0
b3745,33.0
b3746,119.0
b3747,75.0
b3748,114.0
b3749,56.0
b3750,66.0
b3751,780.0
b3752,144.0
b3753,30.0
b3754,10.0
b3755,370.0
b3764,7863.0
b3765,2.0
b3766,4076.0
b3769,279.0
b3770,2671.0
b3771,675.0
b3772,400.0
b3773,33.0
b3774,29455.0
b3775,1330.0
b3778,102.0
b3779,153.0
b3780,1055.0
b3781,9265.0
b3783,3478.0
b3784,232.0
b3785,210.0
b3786,200.0
b3787,185.0
b3788,158.0
b3789,115.0
b3790,39.0
b3791,289.0
b3792,21.0
b3793,26.0
b3794,121.0
b3795,173.0
b3800,1.0
b3801,5.0
b3802,305.0
b3803,543.0
b3804,96.0
b3806,263.0
b3807,963.0
b3809,294.0
b3810,278.0
b3811,212.0
b3812,281.0
b3813,126.0
b3816,463.0
b3817,16.0
b3818,0.0
b3819,43.0
b3820,541.0
b3821,273.0
b3822,63.0
b3823,239.0
b3824,166.0
b3825,81.0
b3826,295.0
b3827,39.0
b3828,398.0
b3829,63552.0
b3830,1063.0
b3831,2011.0
b3832,16.0
b3833,1229.0
b3834,278.0
b3835,72.0
b3836,2926.0
b3838,293.0
b3839,189.0
b3842,193.0
b3843,295.0
b3844,759.0
b3845,75.0
b3846,64.0
b3847,1223.0
b3848,77.0
b3849,59.0
b3850,329.0
b3856,86.0
b3857,94.0
b3858,1585.0
b3859,104.0
b3860,2628.0
b3861,2.0
b3862,32.0
b3863,541.0
b3865,892.0
b3866,1430.0
b3867,305.0
b3868,274.0
b3869,82.0
b3870,14311.0
b3871,3215.0
b3872,25.0
b3873,37.0
b3874,4.0
b3875,1.0
b3876,0.0
b3877,2.0
b3878,7.0
b3879,3.0
b3880,21.0
b3881,15.0
b3882,5.0
b3883,9.0
b3884,116.0
b3885,354.0
b3886,51.0
b3887,649.0
b3888,362.0
b3889,1.0
b3890,56.0
b3891,351.0
b3892,16.0
b3893,13.0
b3894,11.0
b3895,111.0
b3896,8.0
b3897,0.0
b3898,5.0
b3899,1.0
b3900,1.0
b3901,5.0
b3902,13.0
b3903,5.0
b3904,0.0
b3905,9.0
b3906,1.0
b3907,2.0
b3908,20479.0
b3909,2.0
b3910,360.0
b3911,106.0
b3912,1543.0
b3915,102.0
b3916,2811.0
b3917,831.0
b3918,58.0
b3919,7847.0
b3920,182.0
b3921,92.0
b3922,879.0
b3923,804.0
b3925,238.0
b3926,129.0
b3927,8.0
b3928,7797.0
b3929,1630.0
b3930,160.0
b3931,1426.0
b3932,1016.0
b3933,269.0
b3934,89.0
b3935,59.0
b3936,21585.0
b3937,5.0
b3938,2317.0
b3939,745.0
b3940,581.0
b3941,2849.0
b3942,1908.0
b3943,19.0
b3944,0.0
b3945,94.0
b3946,15.0
b3947,2.0
b3949,0.0
b3950,16.0
b3951,12.0
b3952,2.0
b3953,7.0
b3954,42.0
b3955,484.0
b3956,4441.0
b3957,1444.0
b3958,1076.0
b3959,1736.0
b3960,1878.0
b3961,726.0
b3962,492.0
b3963,244.0
b3964,949.0
b3965,332.0
b3966,564.0
b3967,159.0
b3972,228.0
b3973,131.0
b3974,327.0
b3981,1743.0
b3982,3487.0
b3983,21385.0
b3984,21791.0
b3985,23350.0
b3986,64335.0
b3987,4059.0
b3988,3715.0
b3989,8.0
b3990,848.0
b3991,1502.0
b3992,713.0
b3993,1199.0
b3994,2352.0
b3995,719.0
b3996,318.0
b3997,621.0
b3998,229.0
b3999,419.0
b4000,29042.0
b4001,40.0
b4002,10.0
b4003,4.0
b4004,30.0
b4005,1372.0
b4006,2560.0
b4011,3.0
b4012,34.0
b4013,1711.0
b4014,8427.0
b4015,14155.0
b4016,71.0
b4017,1.0
b4018,147.0
b4019,753.0
b4020,60.0
b4021,81.0
b4022,172.0
b4023,515.0
b4024,2887.0
b4025,3613.0
b4026,80.0
b4027,3.0
b4028,1.0
b4029,1.0
b4030,128.0
b4031,0.0
b4032,40.0
b4033,28.0
b4034,682.0
b4035,61.0
b4036,314.0
b4037,282.0
b4039,139.0
b4040,276.0
b4041,445.0
b4042,665.0
b4043,645.0
b4044,16.0
b4045,430.0
b4046,167.0
b4047,0.0
b4048,1.0
b4049,256.0
b4050,52.0
b4052,210.0
b4053,158.0
b4054,1747.0
b4055,62.0
b4056,122.0
b4057,541.0
b4058,206.0
b4059,2329.0
b4060,166.0
b4061,21.0
b4062,467.0
b4063,74.0
b4064,818.0
b4065,77.0
b4066,0.0
b4067,46.0
b4068,97.0
b4069,643.0
b4070,4.0
b4071,3.0
b4072,2.0
b4073,1.0
b4074,0.0
b4075,3.0
b4076,2.0
b4077,124.0
b4078,129.0
b4079,1.0
b4080,0.0
b4081,0.0
b4082,0.0
b4083,1.0
b4084,7.0
b4085,13.0
b4086,2.0
b4087,0.0
b4088,41.0
b4089,124.0
b4090,52.0
b4092,33.0
b4093,125.0
b4094,3.0
b4095,1.0
b4096,3.0
b4097,1.0
b4098,1.0
b4099,1.0
b4100,1.0
b4101,1.0
b4102,1.0
b4105,5.0
b4106,3.0
b4107,185.0
b4108,1188.0
b4109,20.0
b4110,4.0
b4111,613.0
b4112,120.0
b4113,542.0
b4114,126.0
b4115,1.0
b4116,11.0
b4117,8.0
b4118,18.0
b4119,26.0
b4120,5.0
b4121,49.0
b4122,21.0
b4123,0.0
b4124,167.0
b4125,21.0
b4126,254.0
b4127,375.0
b4128,32.0
b4129,315.0
b4130,1.0
b4131,0.0
b4132,0.0
b4133,14.0
b4135,596.0
b4136,145.0
b4137,207.0
b4138,574.0
b4139,71.0
b4140,139.0
b4141,77.0
b4142,13733.0
b4143,11204.0
b4144,3049.0
b4145,19.0
b4146,163.0
b4147,7562.0
b4148,46.0
b4149,378.0
b4150,132.0
b4151,141.0
b4152,119.0
b4153,144.0
b4154,141.0
b4155,106.0
b4156,4.0
b4157,2.0
b4158,3.0
b4159,51.0
b4160,486.0
b4161,331.0
b4162,825.0
b4166,25.0
b4167,173.0
b4168,248.0
b4169,173.0
b4170,77.0
b4171,130.0
b4172,8277.0
b4173,374.0
b4174,1048.0
b4175,923.0
b4176,56.0
b4177,5661.0
b4178,168.0
b4179,605.0
b4180,403.0
b4181,1.0
b4182,3.0
b4183,0.0
b4184,0.0
b4185,0.0
b4186,0.0
b4187,150.0
b4188,44.0
b4189,144.0
b4190,134.0
b4191,121.0
b4192,52.0
b4193,1.0
b4194,44.0
b4195,10.0
b4196,21.0
b4197,5.0
b4198,8.0
b4199,12.0
b4200,26478.0
b4201,245.0
b4202,22547.0
b4203,18410.0
b4204,13.0
b4206,276.0
b4207,2940.0
b4208,541.0
b4209,11.0
b4210,19.0
b4212,46.0
b4213,207.0
b4214,533.0
b4215,2.0
b4216,59.0
b4217,1224.0
b4218,64.0
b4219,801.0
b4220,115.0
b4221,54.0
b4222,764.0
b4224,252.0
b4225,47.0
b4226,16471.0
b4227,50.0
b4230,4.0
b4231,7.0
b4232,1028.0
b4233,500.0
b4234,600.0
b4235,615.0
b4237,13.0
b4238,92.0
b4239,23.0
b4240,27.0
b4241,143.0
b4242,63.0
b4243,12479.0
b4244,26096.0
b4245,23504.0
b4246,370.0
b4248,186.0
b4249,17.0
b4251,202.0
b4252,664.0
b4253,21.0
b4254,2562.0
b4255,3435.0
b4256,319.0
b4257,1.0
b4258,1751.0
b4259,167.0
b4260,1308.0
b4261,209.0
b4262,166.0
b4263,186.0
b4264,60.0
b4265,2.0
b4266,19.0
b4267,9.0
b4268,15.0
b4269,317.0
b4277,0.0
b4278,57.0
b4279,17.0
b4280,121.0
b4287,44.0
b4288,3.0
b4289,3.0
b4290,19.0
b4291,12.0
b4292,34.0
b4293,65.0
b4295,286.0
b4296,1.0
b4297,16.0
b4298,21.0
b4299,4.0
b4300,19.0
b4301,15.0
b4302,42.0
b4303,27.0
b4304,3.0
b4305,2.0
b4306,23.0
b4307,25.0
b4309,17.0
b4310,128.0
b4311,0.0
b4312,394.0
b4313,28.0
b4314,10.0
b4315,17.0
b4316,55.0
b4318,14.0
b4319,16.0
b4320,25.0
b4321,5.0
b4322,144.0
b4323,90.0
b4324,177.0
b4325,1.0
b4326,44.0
b4327,25.0
b4328,225.0
b4329,3.0
b4330,2.0
b4331,6.0
b4332,7.0
b4333,15.0
b4334,2.0
b4335,5.0
b4336,34.0
b4337,13.0
b4340,40.0
b4341,6.0
b4345,17.0
b4346,123.0
b4347,39.0
b4348,158.0
b4349,450.0
b4350,186.0
b4351,184.0
b4352,320.0
b4353,8.0
b4354,9.0
b4355,4.0
b4356,2.0
b4357,15.0
b4358,2.0
b4360,352.0
b4361,135.0
b4362,92.0
b4363,10.0
b4364,28.0
b4365,0.0
b4366,0.0
b4367,261.0
b4371,401.0
b4372,118.0
b4373,156.0
b4374,369.0
b4375,922.0
b4376,8781.0
b4377,142.0
b4378,58.0
b4379,2.0
b4380,18.0
b4381,636.0
b4382,237.0
b4383,1012.0
b4384,2993.0
b4385,51.0
b4386,182.0
b4387,43.0
b4388,242.0
b4389,148.0
b4390,231.0
b4391,2080.0
b4392,204.0
b4393,549.0
b4394,275.0
b4395,443.0
b4396,673.0
b4397,489.0
b4398,64.0
b4399,17.0
b4400,2.0
b4401,3622.0
b4402,0.0
b4403,204.0
b4406,665.0
b4407,560.0
b4409,506.0
b4410,98.0
b4411,23546.0
b4412,0.0
b4415,2.0
b4421,0.0
b4428,17.0
b4453,8.0
b4455,2.0
b4460,13.0
b4461,54.0
b4463,3.0
b4464,13.0
b4465,7.0
b4466,58.0
b4467,10.0
b4468,7.0
b4469,225.0
b4470,25.0
b4471,7.0
b4472,37.0
b4473,10.0
b4474,8.0
b4475,11.0
b4476,5.0
b4477,5.0
b4478,18.0
b4479,170.0
b4480,166.0
b4482,4.0
b4483,60.0
b4484,120.0
b4485,4.0
b4487,31.0
b4501,44.0
b4502,4.0
b4504,1.0
b4506,2593.0
b4509,2.0
b4511,21.0
b4512,262.0
b4513,1.0
b4515,1429.0
b4517,921.0
b4518,278.0
b4520,13.0
b4522,463.0
b4523,642.0
b4526,0.0
b4527,13.0
b4529,1385.0
b4532,19.0
b4533,10.0
b4535,91.0
b4536,264.0
b4537,600.0
b4539,74.0
b4541,2.0
b4542,546.0
b4544,10.0
b4546,54.0
b4547,229.0
b4548,1.0
b4550,766.0
b4551,758.0
b4553,41.0
b4554,983.0
b4555,86.0
b4557,151.0
b4558,2282.0
b4559,1.0
b4565,11.0
b4566,2.0
b4567,21.0
b4568,4707.0
b4586,1.0
b4588,0.0
b4589,5.0
b4590,0.0
b4592,95.0
b4593,0.0
b4594,2.0
b4595,895.0
b4596,216.0
b4598,1093.0
b4599,272.0
b4601,0.0
b4602,5218.0
b4604,0.0
b4606,1043.0
b4607,13.0
b4612,0.0
b4613,21.0
b4618,1.0
b4620,7.0
b4621,2.0
b4622,0.0
b4637,119.0
b4655,1.0
b4662,0.0
b4663,7360.0
b4664,0.0
b4665,0.0
b4666,0.0
b4667,0.0
b4668,0.0
b4669,972.0
b4670,14.0
b4671,21.0
b4674,0.0
b4675,1031.0
b4676,131.0
b4677,2.0
b4678,2495.0
b4679,992.0
b4680,570.0
b4682,0.0
b4683,15.0
b4684,6.0
b4685,18.0
b4686,7384.0
b4702,530.0
